transactionid,saledate,customerid,productid,storeid,campaignid,saleamount,qtypurchased,saletime,StandardDateTime
2,5/4/2025,1066,2048,403,1.0,321.87,1,evening,2025-05-04
5,5/4/2025,1020,2060,401,0.0,408.38,4,evening,2025-05-04
6,5/4/2025,1089,2028,401,0.0,1275.88,1,afternoon,2025-05-04
7,5/4/2025,1193,2003,402,1.0,346.66,3,morning,2025-05-04
8,5/4/2025,1005,2079,402,1.0,855.49,2,morning,2025-05-04
9,5/4/2025,1032,2060,401,1.0,735.08,5,evening,2025-05-04
10,5/4/2025,1119,2089,403,2.0,661.63,4,afternoon,2025-05-04
14,5/4/2025,1183,2025,401,1.0,503.32,5,morning,2025-05-04
15,5/4/2025,1026,2089,403,0.0,413.52,4,evening,2025-05-04
17,5/4/2025,1169,2047,401,2.0,535.97,1,morning,2025-05-04
20,5/4/2025,1111,2022,403,3.0,671.18,5,afternoon,2025-05-04
22,5/4/2025,1062,2011,403,3.0,1229.22,1,evening,2025-05-04
23,5/4/2025,1062,2096,404,3.0,672.18,3,afternoon,2025-05-04
24,5/4/2025,1086,2003,404,2.0,924.43,4,morning,2025-05-04
26,5/4/2025,1066,2043,403,2.0,698.76,2,afternoon,2025-05-04
27,5/4/2025,1142,2001,402,0.0,1237.05,1,morning,2025-05-04
28,5/4/2025,1061,2092,404,3.0,482.21,3,morning,2025-05-04
31,2023-13-01,1004,2011,403,1.0,737.53,2,morning,
34,5/4/2025,1141,2067,403,3.0,872.85,4,morning,2025-05-04
36,5/4/2025,1179,2058,403,2.0,1066.8,2,afternoon,2025-05-04
39,5/4/2025,1055,2094,404,2.0,1578.72,4,evening,2025-05-04
43,5/4/2025,1070,2005,401,2.0,686.05,3,afternoon,2025-05-04
45,5/4/2025,1003,2073,403,3.0,1498.29,5,evening,2025-05-04
46,5/4/2025,1122,2056,403,1.0,944.5,2,afternoon,2025-05-04
50,5/4/2025,1038,2072,403,0.0,840.6,5,afternoon,2025-05-04
51,5/4/2025,1063,2015,404,1.0,1214.95,2,morning,2025-05-04
52,5/4/2025,1198,2066,404,3.0,516.06,1,evening,2025-05-04
55,5/4/2025,1195,2026,402,2.0,507.74,5,evening,2025-05-04
59,5/4/2025,1074,2004,402,2.0,741.8,4,evening,2025-05-04
66,5/4/2025,1069,2064,404,3.0,1470.2,2,afternoon,2025-05-04
71,5/4/2025,1132,2083,404,2.0,614.53,2,morning,2025-05-04
72,5/4/2025,1046,2074,404,3.0,659.5,1,evening,2025-05-04
73,5/4/2025,1023,2060,403,3.0,1225.14,3,afternoon,2025-05-04
74,5/4/2025,1085,2041,401,1.0,1447.58,4,morning,2025-05-04
80,5/4/2025,1013,2024,403,3.0,372.81,5,afternoon,2025-05-04
81,5/4/2025,1160,2056,401,1.0,472.25,2,morning,2025-05-04
84,5/4/2025,1007,2080,402,1.0,1498.07,4,morning,2025-05-04
87,5/4/2025,1030,2082,402,3.0,799.8,1,morning,2025-05-04
91,5/4/2025,1153,2065,402,0.0,470.34,2,morning,2025-05-04
95,5/4/2025,1114,2068,404,2.0,656.19,5,evening,2025-05-04
97,5/4/2025,1082,2024,402,3.0,372.81,1,morning,2025-05-04
98,5/4/2025,1059,2099,404,0.0,1292.64,3,morning,2025-05-04
99,5/4/2025,1081,2095,404,3.0,490.79,4,evening,2025-05-04
101,5/4/2025,1009,2016,403,0.0,969.06,2,morning,2025-05-04
103,5/4/2025,1184,2018,404,1.0,488.03,3,afternoon,2025-05-04
107,5/4/2025,1160,2091,404,0.0,905.79,1,morning,2025-05-04
110,5/4/2025,1025,2097,401,3.0,842.1,5,afternoon,2025-05-04
111,5/4/2025,1042,2088,403,0.0,709.35,2,morning,2025-05-04
116,5/4/2025,1158,2087,402,3.0,477.96,2,afternoon,2025-05-04
118,5/4/2025,1163,2032,404,2.0,756.48,3,morning,2025-05-04
119,5/4/2025,1170,2001,404,2.0,659.76,4,evening,2025-05-04
120,5/4/2025,1173,2069,402,0.0,464.78,5,afternoon,2025-05-04
122,5/4/2025,1176,2032,404,2.0,756.48,1,evening,2025-05-04
124,5/4/2025,1060,2048,403,2.0,1144.42,4,morning,2025-05-04
125,5/4/2025,1179,2037,401,3.0,1440.56,5,evening,2025-05-04
129,5/4/2025,1173,2096,402,0.0,672.18,4,evening,2025-05-04
130,5/4/2025,1160,2082,401,2.0,426.56,5,afternoon,2025-05-04
134,5/4/2025,1135,2064,403,1.0,793.91,4,morning,2025-05-04
135,5/4/2025,1065,2061,403,2.0,639.74,5,evening,2025-05-04
136,5/4/2025,1029,2059,401,1.0,921.69,2,afternoon,2025-05-04
137,5/4/2025,1193,2028,404,2.0,1531.06,1,morning,2025-05-04
139,5/4/2025,1137,2015,404,2.0,539.98,4,evening,2025-05-04
141,5/4/2025,1163,2047,401,1.0,301.48,2,morning,2025-05-04
142,5/4/2025,1120,2003,403,1.0,1039.99,1,evening,2025-05-04
144,5/4/2025,1166,2052,401,1.0,658.13,4,morning,2025-05-04
147,5/4/2025,1099,2058,403,3.0,666.75,1,morning,2025-05-04
148,5/4/2025,1150,2095,402,3.0,490.79,3,morning,2025-05-04
150,5/4/2025,1071,2004,403,1.0,834.52,5,afternoon,2025-05-04
151,5/4/2025,1113,2056,402,2.0,839.55,2,morning,2025-05-04
153,5/4/2025,1015,2050,403,1.0,504.31,3,afternoon,2025-05-04
156,5/4/2025,1085,2031,402,1.0,508.77,2,afternoon,2025-05-04
157,5/4/2025,1017,2097,402,1.0,757.89,1,morning,2025-05-04
160,5/4/2025,1044,2014,401,1.0,886.68,5,afternoon,2025-05-04
161,5/4/2025,1003,2045,402,2.0,499.42,2,morning,2025-05-04
162,5/4/2025,1004,2022,403,0.0,671.18,1,evening,2025-05-04
163,5/4/2025,1032,2094,404,0.0,493.35,3,afternoon,2025-05-04
167,5/4/2025,1117,2082,401,0.0,799.8,1,morning,2025-05-04
172,5/4/2025,1152,2067,403,3.0,872.85,1,evening,2025-05-04
174,5/4/2025,1179,2014,402,3.0,738.9,4,morning,2025-05-04
176,5/4/2025,1116,2051,404,0.0,351.96,2,afternoon,2025-05-04
178,5/4/2025,1095,2019,404,0.0,933.93,3,morning,2025-05-04
181,5/4/2025,1142,2007,403,0.0,583.39,2,morning,2025-05-04
182,5/4/2025,1105,2045,404,0.0,624.28,1,evening,2025-05-04
185,5/4/2025,1168,2061,402,0.0,599.76,5,evening,2025-05-04
189,5/4/2025,1007,2023,403,2.0,751.63,4,evening,2025-05-04
190,5/4/2025,1086,2044,401,1.0,373.64,5,afternoon,2025-05-04
191,5/4/2025,1036,2072,404,0.0,1260.9,2,morning,2025-05-04
193,5/4/2025,1191,2067,402,3.0,872.85,3,afternoon,2025-05-04
198,5/4/2025,1169,2054,404,3.0,900.51,3,morning,2025-05-04
201,5/4/2025,1173,2086,404,2.0,715.28,2,morning,2025-05-04
204,5/4/2025,1196,2017,403,2.0,370.96,4,morning,2025-05-04
207,5/4/2025,1097,2068,402,2.0,1312.38,1,morning,2025-05-04
209,5/4/2025,1004,2058,401,2.0,1066.8,4,evening,2025-05-04
211,5/4/2025,1074,2014,404,0.0,738.9,2,morning,2025-05-04
212,5/4/2025,1083,2021,404,2.0,668.33,1,evening,2025-05-04
214,5/4/2025,1111,2075,404,0.0,1561.28,4,morning,2025-05-04
216,5/4/2025,1085,2099,402,0.0,646.32,2,afternoon,2025-05-04
217,5/4/2025,1130,2081,401,1.0,1343.2,1,morning,2025-05-04
220,5/4/2025,1050,2022,402,0.0,671.18,5,afternoon,2025-05-04
221,5/4/2025,1045,2098,404,3.0,907.86,2,morning,2025-05-04
225,5/4/2025,1070,2075,401,2.0,624.51,5,evening,2025-05-04
229,5/4/2025,1118,2074,401,3.0,659.5,4,evening,2025-05-04
230,5/4/2025,1146,2083,402,2.0,614.53,5,afternoon,2025-05-04
231,5/4/2025,1154,2060,402,0.0,408.38,2,morning,2025-05-04
233,5/4/2025,1129,2082,402,0.0,1066.4,3,afternoon,2025-05-04
235,5/4/2025,1134,2066,402,2.0,1238.54,5,evening,2025-05-04
236,5/4/2025,1095,2036,404,3.0,653.94,2,afternoon,2025-05-04
237,5/4/2025,1198,2043,401,2.0,1397.52,1,morning,2025-05-04
239,5/4/2025,1072,2032,402,2.0,1512.96,4,evening,2025-05-04
240,5/4/2025,1020,2074,402,2.0,527.6,5,afternoon,2025-05-04
241,5/4/2025,1079,2083,404,1.0,691.34,2,morning,2025-05-04
247,5/4/2025,1196,2062,402,1.0,1114.85,1,morning,2025-05-04
249,5/4/2025,1025,2064,401,2.0,705.7,4,evening,2025-05-04
251,5/4/2025,1039,2020,402,1.0,338.25,2,morning,2025-05-04
252,5/4/2025,1184,2056,401,3.0,1574.16,1,evening,2025-05-04
254,5/4/2025,1156,2036,404,1.0,392.36,4,morning,2025-05-04
255,5/4/2025,1136,2030,403,3.0,509.91,5,evening,2025-05-04
258,5/4/2025,1041,2025,402,2.0,671.09,3,morning,2025-05-04
259,5/4/2025,1013,2082,404,2.0,1066.4,4,morning,2025-05-04
260,5/4/2025,1141,2013,401,2.0,748.29,5,evening,2025-05-04
261,5/4/2025,1021,2097,402,2.0,673.68,2,afternoon,2025-05-04
263,5/4/2025,1023,2028,404,2.0,510.35,3,evening,2025-05-04
264,5/4/2025,1006,2053,401,3.0,610.15,4,afternoon,2025-05-04
265,5/4/2025,1128,2047,402,3.0,1004.94,5,morning,2025-05-04
266,5/4/2025,1020,2047,402,0.0,669.96,2,morning,2025-05-04
268,5/4/2025,1035,2004,403,3.0,927.25,3,afternoon,2025-05-04
271,5/4/2025,1065,2027,402,3.0,775.83,2,afternoon,2025-05-04
275,5/4/2025,1028,2063,401,1.0,994.43,5,morning,2025-05-04
278,5/4/2025,1146,2053,402,0.0,1220.3,3,afternoon,2025-05-04
281,5/4/2025,1095,2032,401,2.0,1512.96,2,afternoon,2025-05-04
283,5/4/2025,1197,2074,403,1.0,593.55,3,evening,2025-05-04
284,5/4/2025,1011,2045,403,1.0,842.78,4,afternoon,2025-05-04
286,5/4/2025,1161,2023,402,0.0,939.54,2,morning,2025-05-04
287,5/4/2025,1183,2099,404,0.0,1292.64,1,evening,2025-05-04
290,5/4/2025,1139,2060,403,0.0,1225.14,5,evening,2025-05-04
292,5/4/2025,1091,2099,401,2.0,1034.11,1,morning,2025-05-04
294,5/4/2025,1102,2095,404,3.0,1472.37,4,afternoon,2025-05-04
296,5/4/2025,1094,2066,403,0.0,1032.12,2,morning,2025-05-04
298,5/4/2025,1154,2023,403,2.0,751.63,3,afternoon,2025-05-04
300,5/4/2025,1078,2057,404,1.0,393.28,5,evening,2025-05-04
301,5/4/2025,1176,2056,403,3.0,524.72,2,afternoon,2025-05-04
303,5/4/2025,1070,2081,401,0.0,1492.44,3,evening,2025-05-04
304,5/4/2025,1171,2081,404,2.0,596.98,4,afternoon,2025-05-04
305,5/4/2025,1131,2095,402,0.0,1472.37,5,morning,2025-05-04
306,5/4/2025,1036,2077,404,0.0,1123.66,2,morning,2025-05-04
309,5/4/2025,1173,2057,403,2.0,349.58,4,morning,2025-05-04
310,5/4/2025,1113,2097,401,1.0,757.89,5,evening,2025-05-04
312,5/4/2025,1166,2035,402,0.0,899.99,1,morning,2025-05-04
313,5/4/2025,1006,2094,402,3.0,1480.05,3,evening,2025-05-04
314,5/4/2025,1132,2049,401,2.0,1503.74,4,afternoon,2025-05-04
316,5/4/2025,1156,2036,404,1.0,784.73,2,morning,2025-05-04
320,5/4/2025,1140,2069,403,2.0,557.74,5,evening,2025-05-04
321,5/4/2025,1040,2091,402,2.0,724.63,2,afternoon,2025-05-04
322,5/4/2025,1130,2028,401,1.0,574.15,1,morning,2025-05-04
323,5/4/2025,1035,2030,404,0.0,339.94,3,evening,2025-05-04
328,5/4/2025,1081,2082,401,3.0,1066.4,3,afternoon,2025-05-04
333,5/4/2025,1041,2041,402,2.0,643.37,3,evening,2025-05-04
334,5/4/2025,1132,2036,401,2.0,348.77,4,afternoon,2025-05-04
337,5/4/2025,1151,2074,402,1.0,1187.1,1,evening,2025-05-04
342,5/4/2025,1123,2031,404,2.0,1356.72,1,morning,2025-05-04
345,5/4/2025,1052,2043,402,2.0,698.76,5,morning,2025-05-04
348,5/4/2025,1081,2030,404,0.0,339.94,3,afternoon,2025-05-04
349,5/4/2025,1068,2057,402,1.0,1179.85,4,morning,2025-05-04
350,5/4/2025,1024,2006,403,3.0,594.0,5,evening,2025-05-04
351,5/4/2025,1157,2053,402,1.0,1098.27,2,afternoon,2025-05-04
357,5/4/2025,1012,2036,404,3.0,653.94,1,evening,2025-05-04
359,5/4/2025,1110,2017,403,2.0,370.96,4,morning,2025-05-04
361,5/4/2025,1102,2006,402,2.0,792.0,2,afternoon,2025-05-04
362,5/4/2025,1141,2036,401,3.0,871.92,1,morning,2025-05-04
364,5/4/2025,1032,2012,404,2.0,997.1,4,afternoon,2025-05-04
365,5/4/2025,1086,2071,403,1.0,553.64,5,morning,2025-05-04
366,5/4/2025,1050,2077,404,0.0,561.83,2,morning,2025-05-04
369,5/4/2025,1155,2065,402,2.0,1128.82,4,morning,2025-05-04
371,5/4/2025,1157,2094,403,2.0,1578.72,2,afternoon,2025-05-04
372,5/4/2025,1129,2065,404,2.0,752.54,1,morning,2025-05-04
377,5/4/2025,1149,2061,402,3.0,1199.52,1,evening,2025-05-04
378,5/4/2025,1037,2087,402,0.0,318.64,3,afternoon,2025-05-04
379,5/4/2025,1146,2089,401,1.0,744.34,4,morning,2025-05-04
383,5/4/2025,1180,2017,402,2.0,741.92,3,evening,2025-05-04
384,5/4/2025,1169,2061,404,2.0,319.87,4,afternoon,2025-05-04
385,5/4/2025,1044,2058,403,2.0,1066.8,5,morning,2025-05-04
387,5/4/2025,1049,2031,403,2.0,1356.72,1,evening,2025-05-04
389,5/4/2025,1176,2090,404,2.0,343.87,4,morning,2025-05-04
391,5/4/2025,1031,2073,404,3.0,1498.29,2,afternoon,2025-05-04
392,5/4/2025,1088,2098,402,2.0,726.29,1,morning,2025-05-04
393,5/4/2025,1010,2036,401,2.0,348.77,3,evening,2025-05-04
395,5/4/2025,1054,2025,403,2.0,671.09,5,morning,2025-05-04
399,5/4/2025,1183,2060,401,1.0,367.54,4,morning,2025-05-04
401,5/4/2025,1167,2060,404,1.0,735.08,2,afternoon,2025-05-04
402,5/4/2025,1193,2036,403,2.0,348.77,1,morning,2025-05-04
405,5/4/2025,1106,2022,401,3.0,671.18,5,morning,2025-05-04
407,5/4/2025,1002,2038,401,2.0,1482.42,1,evening,2025-05-04
408,5/4/2025,1072,2058,404,1.0,1200.15,3,afternoon,2025-05-04
409,5/4/2025,1129,2059,403,1.0,1382.54,4,morning,2025-05-04
410,5/4/2025,1028,2042,402,3.0,502.83,5,evening,2025-05-04
412,5/4/2025,1188,2043,403,1.0,1572.21,1,morning,2025-05-04
413,5/4/2025,1044,2078,404,3.0,426.03,3,evening,2025-05-04
415,5/4/2025,1171,2012,402,1.0,1121.74,5,morning,2025-05-04
418,5/4/2025,1192,2034,403,2.0,326.81,3,afternoon,2025-05-04
419,5/4/2025,1149,2092,401,2.0,1157.3,4,morning,2025-05-04
422,5/4/2025,1040,2051,403,0.0,469.28,1,morning,2025-05-04
424,5/4/2025,1056,2017,404,1.0,834.66,4,afternoon,2025-05-04
425,5/4/2025,1116,2095,403,3.0,490.79,5,morning,2025-05-04
429,5/4/2025,1144,2014,401,1.0,443.34,4,morning,2025-05-04
431,5/4/2025,1083,2066,404,0.0,516.06,2,afternoon,2025-05-04
432,5/4/2025,1174,2026,404,0.0,423.12,1,morning,2025-05-04
435,5/4/2025,1144,2007,404,2.0,933.42,5,morning,2025-05-04
436,5/4/2025,1185,2002,404,2.0,692.8,2,morning,2025-05-04
438,5/4/2025,1011,2054,403,0.0,900.51,3,afternoon,2025-05-04
441,5/4/2025,1196,2017,404,2.0,741.92,2,afternoon,2025-05-04
442,5/4/2025,1097,2057,404,3.0,436.98,1,morning,2025-05-04
443,5/4/2025,1020,2087,402,2.0,637.28,3,evening,2025-05-04
444,5/4/2025,1030,2022,404,1.0,604.06,4,afternoon,2025-05-04
446,5/4/2025,1076,2059,404,3.0,1536.15,2,morning,2025-05-04
448,5/4/2025,1039,2035,402,0.0,899.99,3,afternoon,2025-05-04
449,5/4/2025,1008,2084,404,0.0,845.55,4,morning,2025-05-04
450,5/4/2025,1061,2026,401,0.0,423.12,5,evening,2025-05-04
455,5/4/2025,1187,2073,403,2.0,399.54,5,morning,2025-05-04
459,5/4/2025,1142,2063,401,2.0,1325.9,4,morning,2025-05-04
460,5/4/2025,1164,2085,404,2.0,387.44,5,evening,2025-05-04
462,5/4/2025,1076,2048,402,3.0,1072.89,1,morning,2025-05-04
463,5/4/2025,1061,2028,403,1.0,1148.29,3,evening,2025-05-04
465,5/4/2025,1142,2067,402,3.0,1163.8,5,morning,2025-05-04
466,5/4/2025,1062,2032,402,2.0,756.48,2,morning,2025-05-04
469,5/4/2025,1068,2048,401,0.0,715.26,4,morning,2025-05-04
472,5/4/2025,1054,2024,401,3.0,372.81,1,morning,2025-05-04
473,5/4/2025,1062,2089,402,3.0,1240.56,3,evening,2025-05-04
477,5/4/2025,1025,2092,404,2.0,771.54,1,evening,2025-05-04
478,5/4/2025,1052,2047,403,3.0,334.98,3,afternoon,2025-05-04
479,5/4/2025,1011,2072,402,1.0,756.54,4,morning,2025-05-04
481,5/4/2025,1039,2025,403,1.0,503.32,2,afternoon,2025-05-04
482,5/4/2025,1097,2072,402,3.0,420.3,1,morning,2025-05-04
485,5/4/2025,1043,2093,403,1.0,1360.69,5,morning,2025-05-04
487,5/4/2025,1138,2082,401,0.0,533.2,1,evening,2025-05-04
488,5/4/2025,1019,2085,401,0.0,484.3,3,afternoon,2025-05-04
489,5/4/2025,1105,2017,402,0.0,1391.1,4,morning,2025-05-04
491,5/4/2025,1129,2058,403,0.0,1333.5,2,afternoon,2025-05-04
494,5/4/2025,1004,2067,403,2.0,465.52,4,afternoon,2025-05-04
495,5/4/2025,1004,2064,404,1.0,1323.18,5,morning,2025-05-04
496,5/4/2025,1027,2012,402,1.0,1121.74,2,morning,2025-05-04
499,5/4/2025,1103,2058,402,1.0,600.08,4,morning,2025-05-04
501,5/4/2025,1023,2051,404,3.0,351.96,2,afternoon,2025-05-04
502,5/4/2025,1141,2060,401,0.0,408.38,1,morning,2025-05-04
503,5/4/2025,1179,2021,401,3.0,835.41,3,evening,2025-05-04
505,5/4/2025,1135,2005,402,1.0,1157.71,5,morning,2025-05-04
506,5/4/2025,1177,2072,404,2.0,1008.72,2,morning,2025-05-04
509,5/4/2025,1150,2018,404,0.0,1084.52,4,morning,2025-05-04
512,5/4/2025,1193,2094,402,0.0,1480.05,1,morning,2025-05-04
515,5/4/2025,1087,2077,404,2.0,449.46,5,afternoon,2025-05-04
516,5/4/2025,1007,2081,403,3.0,746.22,2,morning,2025-05-04
519,5/4/2025,1197,2079,403,1.0,855.49,4,morning,2025-05-04
521,5/4/2025,1039,2048,402,3.0,357.63,2,evening,2025-05-04
526,5/4/2025,1142,2071,404,0.0,615.16,2,morning,2025-05-04
527,5/4/2025,1006,2011,403,0.0,1229.22,1,evening,2025-05-04
529,5/4/2025,1003,2037,404,3.0,1440.56,4,morning,2025-05-04
531,5/4/2025,1175,2048,402,1.0,965.6,2,evening,2025-05-04
536,5/4/2025,1063,2092,404,1.0,867.98,2,morning,2025-05-04
539,5/4/2025,1084,2056,403,3.0,1574.16,4,morning,2025-05-04
542,5/4/2025,1080,2022,404,2.0,1073.89,1,afternoon,2025-05-04
543,5/4/2025,1074,2094,404,1.0,444.02,3,morning,2025-05-04
547,5/4/2025,1181,2026,404,2.0,507.74,1,evening,2025-05-04
548,5/4/2025,1177,2008,404,3.0,332.95,3,afternoon,2025-05-04
549,5/4/2025,1035,2081,403,1.0,1343.2,4,morning,2025-05-04
550,5/4/2025,1064,2084,402,3.0,845.55,5,morning,2025-05-04
553,5/4/2025,1092,2089,401,0.0,827.04,3,morning,2025-05-04
554,5/4/2025,1196,2031,403,1.0,1526.31,4,evening,2025-05-04
556,5/4/2025,1192,2042,404,0.0,1005.66,2,morning,2025-05-04
557,5/4/2025,1002,2012,403,1.0,560.87,1,evening,2025-05-04
560,5/4/2025,1088,2003,404,0.0,385.18,5,morning,2025-05-04
562,5/4/2025,1186,2018,403,2.0,1301.42,1,afternoon,2025-05-04
564,5/4/2025,1089,2060,401,3.0,408.38,4,evening,2025-05-04
567,5/4/2025,1005,2043,401,1.0,786.1,1,evening,2025-05-04
570,5/4/2025,1059,2051,402,1.0,527.94,5,morning,2025-05-04
571,5/4/2025,1163,2084,404,3.0,845.55,2,evening,2025-05-04
572,5/4/2025,1007,2094,402,3.0,493.35,1,afternoon,2025-05-04
576,5/4/2025,1137,2023,403,2.0,1503.26,2,morning,2025-05-04
577,5/4/2025,1050,2058,401,2.0,1066.8,1,evening,2025-05-04
578,5/4/2025,1171,2062,403,3.0,619.36,3,afternoon,2025-05-04
580,5/4/2025,1090,2058,402,2.0,1066.8,5,morning,2025-05-04
581,5/4/2025,1157,2075,401,1.0,702.58,2,evening,2025-05-04
584,5/4/2025,1130,2049,404,1.0,845.86,4,evening,2025-05-04
585,5/4/2025,1147,2049,404,1.0,845.86,5,afternoon,2025-05-04
587,5/4/2025,1125,2036,402,1.0,588.55,1,evening,2025-05-04
588,5/4/2025,1080,2057,401,2.0,699.17,3,afternoon,2025-05-04
589,5/4/2025,1002,2062,402,1.0,1114.85,4,morning,2025-05-04
593,5/4/2025,1194,2028,403,0.0,637.94,3,morning,2025-05-04
599,5/4/2025,1188,2083,402,2.0,1229.06,4,morning,2025-05-04
600,5/4/2025,1008,2057,403,2.0,699.17,5,morning,2025-05-04
602,5/4/2025,1053,2094,403,3.0,493.35,1,afternoon,2025-05-04
605,5/4/2025,1152,2068,402,2.0,656.19,5,afternoon,2025-05-04
613,5/4/2025,1096,2057,401,0.0,1310.94,3,morning,2025-05-04
614,5/4/2025,1103,2065,403,2.0,376.27,4,evening,2025-05-04
615,5/4/2025,1116,2062,403,0.0,1238.72,5,afternoon,2025-05-04
618,5/4/2025,1136,2050,402,3.0,933.9,3,afternoon,2025-05-04
619,5/4/2025,1054,2063,403,2.0,441.97,4,morning,2025-05-04
621,5/4/2025,1087,2087,401,0.0,637.28,2,evening,2025-05-04
623,5/4/2025,1031,2020,404,3.0,1127.49,3,morning,2025-05-04
626,5/4/2025,1023,2083,403,2.0,1229.06,2,morning,2025-05-04
629,5/4/2025,1109,2083,401,0.0,768.16,4,morning,2025-05-04
630,5/4/2025,1000,2027,404,0.0,517.22,5,morning,2025-05-04
631,5/4/2025,1033,2075,402,3.0,780.64,2,evening,2025-05-04
632,5/4/2025,1002,2001,403,0.0,824.7,1,afternoon,2025-05-04
636,5/4/2025,1094,2038,402,3.0,926.51,2,morning,2025-05-04
638,5/4/2025,1017,2067,401,1.0,523.71,3,afternoon,2025-05-04
639,5/4/2025,1112,2044,402,1.0,560.47,4,morning,2025-05-04
640,5/4/2025,1105,2078,404,1.0,383.43,5,morning,2025-05-04
641,5/4/2025,1022,2012,402,0.0,623.19,2,evening,2025-05-04
644,5/4/2025,1070,2082,401,1.0,719.82,4,evening,2025-05-04
647,5/4/2025,1191,2050,403,0.0,560.34,1,evening,2025-05-04
648,5/4/2025,1005,2030,404,3.0,679.88,3,afternoon,2025-05-04
649,5/4/2025,1028,2030,404,0.0,509.91,4,morning,2025-05-04
650,5/4/2025,1135,2001,403,2.0,989.64,5,morning,2025-05-04
651,5/4/2025,1033,2049,404,2.0,751.87,2,evening,2025-05-04
654,5/4/2025,1003,2033,402,0.0,836.25,4,evening,2025-05-04
655,5/4/2025,1015,2050,403,3.0,560.34,5,afternoon,2025-05-04
656,5/4/2025,1108,2089,404,0.0,413.52,2,morning,2025-05-04
658,5/4/2025,1021,2039,401,1.0,878.8,3,afternoon,2025-05-04
660,5/4/2025,1150,2081,401,2.0,1193.95,5,morning,2025-05-04
664,5/4/2025,1170,2094,402,0.0,986.7,4,evening,2025-05-04
666,5/4/2025,1041,2063,403,2.0,1325.9,2,morning,2025-05-04
667,5/4/2025,1042,2047,402,2.0,803.95,1,evening,2025-05-04
669,5/4/2025,1109,2034,401,2.0,326.81,4,morning,2025-05-04
670,5/4/2025,1182,2073,401,3.0,499.43,5,morning,2025-05-04
671,5/4/2025,1116,2065,403,0.0,470.34,2,evening,2025-05-04
672,5/4/2025,1127,2072,402,2.0,1008.72,1,afternoon,2025-05-04
674,5/4/2025,1058,2094,401,0.0,493.35,4,evening,2025-05-04
678,5/4/2025,1082,2031,404,2.0,452.24,3,afternoon,2025-05-04
680,5/4/2025,1128,2086,401,1.0,804.69,5,morning,2025-05-04
681,5/4/2025,1057,2066,401,3.0,1548.18,2,evening,2025-05-04
682,5/4/2025,1017,2059,403,2.0,409.64,1,afternoon,2025-05-04
686,5/4/2025,1094,2075,404,1.0,702.58,2,morning,2025-05-04
687,5/4/2025,1187,2069,402,1.0,627.45,1,evening,2025-05-04
690,5/4/2025,1000,2097,404,2.0,1347.36,5,morning,2025-05-04
692,5/4/2025,1125,2007,402,2.0,933.42,1,afternoon,2025-05-04
693,5/4/2025,1023,2005,402,3.0,1286.34,3,morning,2025-05-04
694,5/4/2025,1179,2047,404,0.0,669.96,4,evening,2025-05-04
697,5/4/2025,1169,2016,402,2.0,775.25,1,evening,2025-05-04
699,5/4/2025,1081,2057,403,1.0,393.28,4,morning,2025-05-04
700,5/4/2025,1019,2025,402,0.0,559.24,5,morning,2025-05-04
704,5/4/2025,1078,2059,403,0.0,1536.15,4,evening,2025-05-04
708,5/4/2025,1131,2006,403,2.0,475.2,3,afternoon,2025-05-04
709,5/4/2025,1044,2003,404,3.0,1155.54,4,morning,2025-05-04
712,5/4/2025,1003,2007,402,1.0,1050.1,1,afternoon,2025-05-04
714,5/4/2025,1149,2075,403,0.0,780.64,4,evening,2025-05-04
715,5/4/2025,1005,2008,402,3.0,466.13,5,afternoon,2025-05-04
716,5/4/2025,1032,2011,403,0.0,409.74,2,morning,2025-05-04
717,5/4/2025,1010,2059,401,1.0,921.69,1,evening,2025-05-04
719,5/4/2025,1007,2048,404,1.0,1287.47,4,morning,2025-05-04
720,5/4/2025,1090,2027,402,2.0,413.78,5,morning,2025-05-04
721,5/4/2025,1071,2057,402,0.0,1310.94,2,evening,2025-05-04
727,5/4/2025,1139,2062,403,2.0,1486.46,1,evening,2025-05-04
728,5/4/2025,1099,2034,402,0.0,408.51,3,afternoon,2025-05-04
731,5/4/2025,1135,2045,402,1.0,842.78,2,evening,2025-05-04
732,5/4/2025,1025,2031,402,2.0,904.48,1,afternoon,2025-05-04
735,5/4/2025,1045,2030,403,2.0,407.93,5,afternoon,2025-05-04
736,5/4/2025,1151,2003,403,1.0,693.32,2,morning,2025-05-04
738,5/4/2025,1044,2062,401,0.0,1238.72,3,afternoon,2025-05-04
740,5/4/2025,1134,2061,401,2.0,639.74,5,morning,2025-05-04
741,5/4/2025,1157,2025,402,2.0,671.09,2,evening,2025-05-04
743,5/4/2025,1005,2018,402,0.0,542.26,3,morning,2025-05-04
747,5/4/2025,1040,2093,404,3.0,755.94,1,evening,2025-05-04
749,5/4/2025,1057,2085,402,3.0,1452.9,4,morning,2025-05-04
752,5/4/2025,1197,2072,401,1.0,1513.08,1,afternoon,2025-05-04
755,5/4/2025,1060,2044,403,1.0,934.11,5,afternoon,2025-05-04
756,5/4/2025,1162,2011,403,3.0,1229.22,2,morning,2025-05-04
759,5/4/2025,1027,2092,401,0.0,482.21,4,morning,2025-05-04
760,5/4/2025,1098,2056,404,1.0,944.5,5,morning,2025-05-04
762,5/4/2025,1139,2048,401,3.0,357.63,1,afternoon,2025-05-04
763,5/4/2025,1147,2083,402,1.0,691.34,3,morning,2025-05-04
767,5/4/2025,1041,2093,401,0.0,755.94,1,evening,2025-05-04
769,5/4/2025,1110,2083,402,3.0,768.16,4,morning,2025-05-04
772,5/4/2025,1169,2036,403,1.0,392.36,1,afternoon,2025-05-04
776,5/4/2025,1051,2012,401,1.0,1121.74,2,evening,2025-05-04
777,5/4/2025,1043,2081,403,0.0,746.22,1,afternoon,2025-05-04
778,5/4/2025,1121,2014,403,3.0,985.2,3,morning,2025-05-04
781,5/4/2025,1094,2048,403,1.0,321.87,2,morning,2025-05-04
782,5/4/2025,1114,2005,403,3.0,428.78,1,morning,2025-05-04
783,5/4/2025,1119,2033,402,2.0,1338.0,3,evening,2025-05-04
784,5/4/2025,1144,2007,402,0.0,1166.78,4,afternoon,2025-05-04
786,5/4/2025,1193,2075,402,0.0,1561.28,2,evening,2025-05-04
788,5/4/2025,1146,2030,404,2.0,543.9,3,morning,2025-05-04
792,5/4/2025,1010,2054,401,3.0,900.51,1,morning,2025-05-04
794,5/4/2025,1081,2093,401,0.0,755.94,4,afternoon,2025-05-04
795,5/4/2025,1099,2071,404,2.0,984.26,5,morning,2025-05-04
799,5/4/2025,1027,2072,401,2.0,672.48,4,evening,2025-05-04
800,5/4/2025,1137,2044,404,2.0,830.32,5,afternoon,2025-05-04
803,5/4/2025,1036,2079,404,0.0,950.54,3,evening,2025-05-04
804,5/4/2025,1101,2042,402,0.0,335.22,4,afternoon,2025-05-04
807,5/4/2025,1071,2062,401,1.0,557.42,1,afternoon,2025-05-04
810,5/4/2025,1048,2056,402,3.0,524.72,5,afternoon,2025-05-04
815,5/4/2025,1049,2025,401,1.0,503.32,5,morning,2025-05-04
816,5/4/2025,1008,2058,401,2.0,533.4,2,evening,2025-05-04
817,5/4/2025,1180,2025,403,2.0,894.78,1,afternoon,2025-05-04
818,5/4/2025,1118,2064,404,0.0,882.12,3,morning,2025-05-04
819,5/4/2025,1174,2003,402,2.0,308.14,4,evening,2025-05-04
820,5/4/2025,1125,2076,404,1.0,725.46,5,afternoon,2025-05-04
822,5/4/2025,1041,2033,401,2.0,669.0,1,morning,2025-05-04
823,5/4/2025,1007,2049,401,1.0,845.86,3,evening,2025-05-04
824,5/4/2025,1146,2099,402,1.0,581.69,4,afternoon,2025-05-04
825,5/4/2025,1165,2028,402,2.0,1531.06,5,morning,2025-05-04
826,5/4/2025,1166,2052,401,0.0,731.26,2,evening,2025-05-04
827,5/4/2025,1121,2016,402,0.0,646.04,1,afternoon,2025-05-04
829,5/4/2025,1108,2048,403,3.0,357.63,4,evening,2025-05-04
830,5/4/2025,1064,2027,404,2.0,413.78,5,afternoon,2025-05-04
832,5/4/2025,1001,2065,403,2.0,376.27,1,morning,2025-05-04
833,5/4/2025,1076,2087,401,3.0,796.6,3,evening,2025-05-04
835,5/4/2025,1070,2033,403,1.0,752.62,5,morning,2025-05-04
836,5/4/2025,1038,2066,402,0.0,1032.12,2,evening,2025-05-04
837,5/4/2025,1153,2051,403,1.0,316.76,1,afternoon,2025-05-04
844,5/4/2025,1024,2060,402,2.0,326.7,4,afternoon,2025-05-04
845,5/4/2025,1185,2071,402,2.0,984.26,5,morning,2025-05-04
846,5/4/2025,1167,2011,402,2.0,327.79,2,evening,2025-05-04
848,5/4/2025,1084,2047,403,2.0,803.95,3,morning,2025-05-04
850,5/4/2025,1162,2074,401,3.0,659.5,5,afternoon,2025-05-04
851,5/4/2025,1049,2064,401,3.0,882.12,2,morning,2025-05-04
852,5/4/2025,1135,2038,404,0.0,926.51,1,morning,2025-05-04
853,5/4/2025,1038,2017,402,2.0,741.92,3,evening,2025-05-04
854,5/4/2025,1104,2072,404,1.0,1134.81,4,afternoon,2025-05-04
857,5/4/2025,1162,2007,401,3.0,583.39,1,afternoon,2025-05-04
861,5/4/2025,1109,2061,404,0.0,799.68,2,morning,2025-05-04
864,5/4/2025,1173,2000,402,1.0,872.38,4,afternoon,2025-05-04
865,5/4/2025,1177,2044,403,1.0,373.64,5,morning,2025-05-04
867,5/4/2025,1016,2005,403,2.0,686.05,1,afternoon,2025-05-04
868,5/4/2025,1116,2093,403,3.0,755.94,3,morning,2025-05-04
869,5/4/2025,1175,2017,403,3.0,463.7,4,evening,2025-05-04
870,5/4/2025,1091,2096,402,1.0,1209.92,5,afternoon,2025-05-04
871,5/4/2025,1103,2002,402,1.0,779.4,2,morning,2025-05-04
872,5/4/2025,1186,2016,402,0.0,646.04,1,morning,2025-05-04
876,5/4/2025,1169,2013,401,0.0,935.36,2,evening,2025-05-04
877,5/4/2025,1176,2014,404,3.0,1231.5,1,afternoon,2025-05-04
880,5/4/2025,1077,2053,401,2.0,976.24,5,afternoon,2025-05-04
881,5/4/2025,1159,2077,402,3.0,561.83,2,morning,2025-05-04
884,5/4/2025,1155,2025,403,1.0,503.32,4,afternoon,2025-05-04
886,5/4/2025,1041,2005,404,1.0,385.9,2,evening,2025-05-04
887,5/4/2025,1176,2061,403,1.0,359.86,1,afternoon,2025-05-04
889,5/4/2025,1146,2085,404,1.0,653.81,4,evening,2025-05-04
890,5/4/2025,1023,2099,401,0.0,1292.64,5,afternoon,2025-05-04
893,5/4/2025,1025,2022,401,2.0,1073.89,3,evening,2025-05-04
894,5/4/2025,1092,2086,403,3.0,894.1,4,afternoon,2025-05-04
897,5/4/2025,1091,2056,403,0.0,1049.44,1,afternoon,2025-05-04
902,5/4/2025,1178,2092,401,1.0,867.98,1,morning,2025-05-04
904,5/4/2025,1046,2078,404,2.0,454.43,4,afternoon,2025-05-04
909,5/4/2025,1132,2066,401,3.0,1548.18,4,evening,2025-05-04
910,5/4/2025,1169,2093,402,3.0,755.94,5,afternoon,2025-05-04
912,5/4/2025,1142,2078,401,0.0,568.04,1,morning,2025-05-04
917,5/4/2025,1060,2010,404,3.0,544.88,1,afternoon,2025-05-04
918,5/4/2025,1146,2057,401,3.0,436.98,3,morning,2025-05-04
922,5/4/2025,1023,2077,403,1.0,505.65,1,morning,2025-05-04
923,5/4/2025,1167,2085,404,2.0,387.44,3,evening,2025-05-04
924,5/4/2025,1093,2006,402,3.0,594.0,4,afternoon,2025-05-04
925,5/4/2025,1084,2071,404,2.0,492.13,5,morning,2025-05-04
926,5/4/2025,1183,2057,401,0.0,873.96,2,evening,2025-05-04
927,5/4/2025,1194,2084,402,0.0,563.7,1,afternoon,2025-05-04
928,5/4/2025,1087,2045,403,2.0,499.42,3,morning,2025-05-04
930,5/4/2025,1126,2017,404,0.0,927.4,5,afternoon,2025-05-04
933,5/4/2025,1005,2024,403,0.0,621.35,3,evening,2025-05-04
935,5/4/2025,1197,2057,404,1.0,1179.85,5,morning,2025-05-04
936,5/4/2025,1127,2000,401,3.0,969.31,2,evening,2025-05-04
937,5/4/2025,1149,2061,402,1.0,359.86,1,afternoon,2025-05-04
940,5/4/2025,1107,2077,402,2.0,898.93,5,afternoon,2025-05-04
944,5/4/2025,1051,2026,403,2.0,338.5,4,afternoon,2025-05-04
945,5/4/2025,1172,2016,402,2.0,516.83,5,morning,2025-05-04
947,5/4/2025,1149,2073,404,2.0,799.09,1,afternoon,2025-05-04
948,5/4/2025,1108,2001,401,0.0,412.35,3,morning,2025-05-04
949,5/4/2025,1097,2018,401,0.0,1084.52,4,evening,2025-05-04
952,5/4/2025,1176,2037,402,0.0,720.28,1,morning,2025-05-04
953,5/4/2025,1091,2057,401,1.0,786.56,3,evening,2025-05-04
955,5/4/2025,1130,2089,403,0.0,413.52,5,morning,2025-05-04
960,5/4/2025,1198,2092,402,2.0,771.54,5,afternoon,2025-05-04
962,5/4/2025,1044,2094,401,3.0,493.35,1,morning,2025-05-04
963,5/4/2025,1010,2054,403,2.0,720.41,3,evening,2025-05-04
964,5/4/2025,1033,2020,403,0.0,751.66,4,afternoon,2025-05-04
969,5/4/2025,1047,2066,401,1.0,464.45,4,evening,2025-05-04
970,5/4/2025,1106,2069,404,0.0,464.78,5,afternoon,2025-05-04
973,5/4/2025,1192,2079,404,0.0,950.54,3,evening,2025-05-04
974,5/4/2025,1029,2085,403,3.0,726.45,4,afternoon,2025-05-04
975,5/4/2025,1061,2082,402,0.0,533.2,5,morning,2025-05-04
976,5/4/2025,1174,2041,404,0.0,804.21,2,evening,2025-05-04
979,5/4/2025,1124,2005,403,1.0,1157.71,4,evening,2025-05-04
980,5/4/2025,1082,2065,401,0.0,1411.02,5,afternoon,2025-05-04
982,5/4/2025,1053,2085,402,3.0,726.45,1,morning,2025-05-04
983,5/4/2025,1026,2026,404,0.0,423.12,3,evening,2025-05-04
984,5/4/2025,1191,2087,402,0.0,477.96,4,afternoon,2025-05-04
987,5/4/2025,1064,2071,401,1.0,1107.29,1,afternoon,2025-05-04
989,5/4/2025,1161,2051,404,2.0,375.42,4,evening,2025-05-04
990,5/4/2025,1004,2049,401,0.0,939.84,5,afternoon,2025-05-04
993,5/4/2025,1074,2087,403,0.0,477.96,3,evening,2025-05-04
994,5/4/2025,1072,2097,404,3.0,842.1,4,afternoon,2025-05-04
995,5/4/2025,1101,2084,401,3.0,1127.4,5,morning,2025-05-04
997,5/4/2025,1191,2050,403,1.0,504.31,1,afternoon,2025-05-04
999,5/4/2025,1141,2071,402,0.0,1230.32,4,evening,2025-05-04
1001,5/4/2025,1078,2026,403,1.0,761.62,2,morning,2025-05-04
1003,5/4/2025,1047,2028,403,1.0,1148.29,3,evening,2025-05-04
1007,5/4/2025,1050,2092,404,2.0,771.54,1,afternoon,2025-05-04
1008,5/4/2025,1091,2016,402,0.0,1292.08,5,morning,2025-05-04
1009,5/4/2025,1072,2079,401,1.0,855.49,2,evening,2025-05-04
1010,5/4/2025,1081,2062,404,2.0,495.49,4,afternoon,2025-05-04
1012,5/4/2025,1144,2072,403,2.0,672.48,3,morning,2025-05-04
1013,5/4/2025,1109,2021,401,2.0,668.33,2,evening,2025-05-04
1014,5/4/2025,1063,2028,404,2.0,510.35,5,afternoon,2025-05-04
1016,5/4/2025,1118,2057,403,2.0,699.17,2,evening,2025-05-04
1018,5/4/2025,1165,2077,401,2.0,449.46,3,morning,2025-05-04
1021,5/4/2025,1004,2064,401,3.0,882.12,2,morning,2025-05-04
1024,5/4/2025,1093,2050,402,2.0,448.27,4,afternoon,2025-05-04
1025,5/4/2025,1034,2059,401,3.0,1536.15,5,morning,2025-05-04
1026,5/4/2025,1093,2064,401,1.0,793.91,2,evening,2025-05-04
1028,5/4/2025,1114,2020,402,1.0,676.49,3,morning,2025-05-04
1030,5/4/2025,1010,2028,404,1.0,1148.29,5,afternoon,2025-05-04
1032,5/4/2025,1010,2085,402,2.0,387.44,1,morning,2025-05-04
1034,5/4/2025,1010,2083,403,0.0,768.16,4,evening,2025-05-04
1035,5/4/2025,1180,2066,403,2.0,1238.54,5,afternoon,2025-05-04
1036,5/4/2025,1148,2069,402,3.0,697.17,2,morning,2025-05-04
1037,5/4/2025,1167,2048,403,0.0,1072.89,1,evening,2025-05-04
1038,5/4/2025,1132,2032,404,1.0,851.04,3,afternoon,2025-05-04
1041,5/4/2025,1112,2021,402,0.0,835.41,2,evening,2025-05-04
1045,5/4/2025,1106,2042,401,3.0,1173.27,5,afternoon,2025-05-04
1046,5/4/2025,1172,2061,404,1.0,719.71,2,morning,2025-05-04
1047,5/4/2025,1151,2020,404,0.0,1127.49,1,evening,2025-05-04
1048,5/4/2025,1062,2005,402,1.0,385.9,3,afternoon,2025-05-04
1050,5/4/2025,1014,2021,403,1.0,1503.74,5,morning,2025-05-04
1052,5/4/2025,1021,2027,404,3.0,775.83,1,afternoon,2025-05-04
1054,5/4/2025,1153,2018,402,2.0,867.62,4,evening,2025-05-04
1055,5/4/2025,1042,2092,403,3.0,1446.63,5,afternoon,2025-05-04
1057,5/4/2025,1096,2049,402,0.0,939.84,1,evening,2025-05-04
1059,5/4/2025,1155,2012,402,3.0,623.19,4,morning,2025-05-04
1062,5/4/2025,1198,2086,404,3.0,894.1,1,afternoon,2025-05-04
1063,5/4/2025,1094,2005,404,1.0,771.8,3,morning,2025-05-04
1067,5/4/2025,1021,2036,404,2.0,348.77,1,evening,2025-05-04
1069,5/4/2025,1133,2000,404,1.0,872.38,4,morning,2025-05-04
1071,5/4/2025,1027,2019,404,2.0,747.14,2,evening,2025-05-04
1075,5/4/2025,1094,2071,404,2.0,984.26,5,afternoon,2025-05-04
1076,5/4/2025,1078,2073,403,3.0,499.43,2,morning,2025-05-04
1077,5/4/2025,1188,2017,401,1.0,417.33,1,evening,2025-05-04
1078,5/4/2025,1114,2089,402,0.0,827.04,3,afternoon,2025-05-04
1079,5/4/2025,1054,2065,404,2.0,376.27,4,morning,2025-05-04
1081,5/4/2025,1099,2081,401,0.0,1492.44,2,evening,2025-05-04
1082,5/4/2025,1037,2060,404,0.0,1225.14,1,afternoon,2025-05-04
1084,5/4/2025,1020,2077,401,3.0,561.83,4,evening,2025-05-04
1086,5/4/2025,1198,2022,404,3.0,671.18,2,morning,2025-05-04
1087,5/4/2025,1002,2025,403,1.0,503.32,1,evening,2025-05-04
1088,5/4/2025,1008,2076,402,1.0,1450.93,3,afternoon,2025-05-04
1089,5/4/2025,1172,2004,403,1.0,834.52,4,morning,2025-05-04
1090,5/4/2025,1167,2000,402,0.0,969.31,5,morning,2025-05-04
1091,5/4/2025,1070,2099,404,2.0,1551.17,2,evening,2025-05-04
1094,5/4/2025,1140,2036,403,2.0,348.77,4,evening,2025-05-04
1100,5/4/2025,1096,2072,404,1.0,378.27,5,morning,2025-05-04
1102,5/4/2025,1150,2003,404,0.0,1155.54,1,afternoon,2025-05-04
1105,5/4/2025,1105,2045,401,2.0,499.42,5,afternoon,2025-05-04
1106,5/4/2025,1063,2036,401,3.0,653.94,2,morning,2025-05-04
1107,5/4/2025,1172,2095,403,0.0,981.58,1,evening,2025-05-04
1109,5/4/2025,1090,2027,403,1.0,698.25,4,morning,2025-05-04
1110,5/4/2025,1191,2087,402,3.0,955.92,5,morning,2025-05-04
1112,5/4/2025,1067,2026,402,1.0,380.81,1,afternoon,2025-05-04
1116,5/4/2025,1195,2069,401,3.0,697.17,2,morning,2025-05-04
1117,5/4/2025,1095,2079,403,3.0,950.54,1,evening,2025-05-04
1118,5/4/2025,1147,2035,404,1.0,809.99,3,afternoon,2025-05-04
1119,5/4/2025,1195,2065,403,3.0,1411.02,4,morning,2025-05-04
1122,5/4/2025,1128,2044,404,1.0,373.64,1,afternoon,2025-05-04
1124,5/4/2025,1176,2001,401,1.0,371.12,4,evening,2025-05-04
1125,5/4/2025,1097,2074,401,2.0,527.6,5,afternoon,2025-05-04
1126,5/4/2025,1092,2078,403,1.0,383.43,2,morning,2025-05-04
1127,5/4/2025,1140,2033,402,2.0,1338.0,1,evening,2025-05-04
1130,5/4/2025,1107,2089,403,2.0,330.82,5,morning,2025-05-04
1133,5/4/2025,1184,2034,402,3.0,680.85,3,morning,2025-05-04
1134,5/4/2025,1097,2025,402,1.0,1258.29,4,evening,2025-05-04
1139,5/4/2025,1055,2032,404,0.0,945.6,4,morning,2025-05-04
1142,5/4/2025,1005,2052,401,2.0,1170.02,1,afternoon,2025-05-04
1143,5/4/2025,1173,2077,402,1.0,1516.94,3,morning,2025-05-04
1144,5/4/2025,1199,2036,403,2.0,871.92,4,evening,2025-05-04
1146,5/4/2025,1020,2048,403,3.0,1072.89,2,morning,2025-05-04
1147,5/4/2025,1161,2018,402,2.0,1301.42,1,evening,2025-05-04
1149,5/4/2025,1020,2020,403,1.0,1014.74,4,morning,2025-05-04
1151,5/4/2025,1154,2082,404,2.0,639.84,2,evening,2025-05-04
1152,5/4/2025,1113,2099,403,3.0,646.32,1,afternoon,2025-05-04
1153,5/4/2025,1105,2021,402,0.0,835.41,3,morning,2025-05-04
1156,5/4/2025,1042,2050,401,0.0,1120.68,2,morning,2025-05-04
1157,5/4/2025,1016,2060,401,0.0,816.76,1,evening,2025-05-04
1158,5/4/2025,1197,2050,401,0.0,560.34,3,afternoon,2025-05-04
1161,5/4/2025,1063,2094,403,3.0,493.35,2,evening,2025-05-04
1162,5/4/2025,1160,2016,402,1.0,1162.87,1,afternoon,2025-05-04
1166,5/4/2025,1161,2095,404,2.0,392.63,2,morning,2025-05-04
1167,5/4/2025,1088,2061,402,0.0,799.68,1,evening,2025-05-04
1168,5/4/2025,1113,2039,403,3.0,976.44,3,afternoon,2025-05-04
1169,5/4/2025,1066,2019,403,0.0,933.93,4,morning,2025-05-04
1170,5/4/2025,1000,2066,402,2.0,412.85,5,morning,2025-05-04
1175,5/4/2025,1105,2071,404,3.0,615.16,5,afternoon,2025-05-04
1176,5/4/2025,1063,2020,404,3.0,375.83,2,morning,2025-05-04
1177,5/4/2025,1056,2033,401,3.0,836.25,1,evening,2025-05-04
1179,5/4/2025,1166,2095,403,3.0,1472.37,4,morning,2025-05-04
1181,5/4/2025,1074,2014,404,3.0,738.9,2,evening,2025-05-04
1182,5/4/2025,1069,2089,404,1.0,372.17,1,afternoon,2025-05-04
1186,5/4/2025,1186,2001,402,0.0,824.7,2,morning,2025-05-04
1192,5/4/2025,1139,2060,402,1.0,1102.63,1,afternoon,2025-05-04
1193,5/4/2025,1064,2048,401,0.0,715.26,3,morning,2025-05-04
1195,5/4/2025,1197,2056,402,0.0,1049.44,5,afternoon,2025-05-04
1197,5/4/2025,1121,2049,403,2.0,751.87,1,evening,2025-05-04
1201,5/4/2025,1060,2081,404,2.0,1193.95,2,evening,2025-05-04
1203,5/4/2025,1101,2031,401,0.0,1130.6,3,morning,2025-05-04
1206,5/4/2025,1040,2063,401,2.0,883.94,2,morning,2025-05-04
1210,5/4/2025,1142,2082,403,3.0,799.8,5,morning,2025-05-04
1211,5/4/2025,1187,2024,401,3.0,372.81,2,evening,2025-05-04
1212,5/4/2025,1091,2092,402,2.0,385.77,1,afternoon,2025-05-04
1213,5/4/2025,1010,2062,404,2.0,990.98,3,morning,2025-05-04
1214,5/4/2025,1138,2089,404,1.0,744.34,4,evening,2025-05-04
1215,5/4/2025,1145,2023,403,2.0,1503.26,5,afternoon,2025-05-04
1218,5/4/2025,1075,2033,403,3.0,836.25,3,afternoon,2025-05-04
1222,5/4/2025,1048,2067,404,1.0,785.56,1,afternoon,2025-05-04
1224,5/4/2025,1164,2041,401,0.0,804.21,4,evening,2025-05-04
1226,5/4/2025,1033,2022,401,1.0,604.06,2,morning,2025-05-04
1227,5/4/2025,1027,2062,402,0.0,1238.72,1,evening,2025-05-04
1228,5/4/2025,1008,2073,404,3.0,1498.29,3,afternoon,2025-05-04
1229,5/4/2025,1134,2079,403,0.0,950.54,4,morning,2025-05-04
1230,5/4/2025,1093,2028,401,0.0,1275.88,5,morning,2025-05-04
1233,5/4/2025,1142,2095,404,2.0,1177.9,3,morning,2025-05-04
1234,5/4/2025,1181,2007,403,0.0,583.39,4,evening,2025-05-04
1240,5/4/2025,1196,2081,403,3.0,746.22,5,morning,2025-05-04
1243,5/4/2025,1168,2020,404,2.0,601.33,3,morning,2025-05-04
1245,5/4/2025,1105,2097,404,2.0,673.68,5,afternoon,2025-05-04
1246,5/4/2025,1155,2030,402,3.0,509.91,2,morning,2025-05-04
1251,5/4/2025,1076,2028,402,2.0,1020.7,2,evening,2025-05-04
1253,5/4/2025,1024,2004,404,2.0,1483.6,3,morning,2025-05-04
1254,5/4/2025,1039,2017,403,2.0,370.96,4,evening,2025-05-04
1255,5/4/2025,1149,2031,402,2.0,904.48,5,afternoon,2025-05-04
1256,5/4/2025,1076,2011,404,1.0,737.53,2,morning,2025-05-04
1258,5/4/2025,1044,2062,401,2.0,495.49,3,afternoon,2025-05-04
1260,5/4/2025,1199,2007,403,2.0,1400.14,5,morning,2025-05-04
1262,5/4/2025,1191,2083,401,3.0,768.16,1,afternoon,2025-05-04
1263,5/4/2025,1013,2039,401,2.0,1562.3,3,morning,2025-05-04
1264,5/4/2025,1138,2072,402,2.0,672.48,4,evening,2025-05-04
1265,5/4/2025,1128,2089,402,1.0,744.34,5,afternoon,2025-05-04
1267,5/4/2025,1192,2076,401,1.0,1450.93,1,evening,2025-05-04
1268,5/4/2025,1110,2037,404,1.0,324.13,3,afternoon,2025-05-04
1272,5/4/2025,1198,2089,402,1.0,744.34,1,afternoon,2025-05-04
1276,5/4/2025,1082,2087,401,0.0,318.64,2,morning,2025-05-04
1280,5/4/2025,1043,2044,404,1.0,373.64,5,morning,2025-05-04
1282,5/4/2025,1175,2047,402,0.0,1004.94,1,afternoon,2025-05-04
1283,5/4/2025,1028,2094,401,1.0,888.03,3,morning,2025-05-04
1285,5/4/2025,1087,2088,401,2.0,567.48,5,afternoon,2025-05-04
1286,5/4/2025,1115,2060,401,2.0,980.11,2,morning,2025-05-04
1287,5/4/2025,1053,2094,402,1.0,888.03,1,evening,2025-05-04
1290,5/4/2025,1096,2074,401,2.0,1055.2,5,morning,2025-05-04
1291,5/4/2025,1043,2007,403,1.0,525.05,2,morning,2025-05-04
1292,5/4/2025,1178,2079,403,0.0,950.54,1,evening,2025-05-04
1293,5/4/2025,1119,2083,401,0.0,768.16,3,afternoon,2025-05-04
1295,5/4/2025,1027,2002,403,3.0,866.0,5,evening,2025-05-04
1296,5/4/2025,1059,2048,401,2.0,572.21,2,afternoon,2025-05-04
1298,5/4/2025,1050,2064,404,0.0,1470.2,3,morning,2025-05-04
1299,5/4/2025,1010,2031,403,2.0,1356.72,4,evening,2025-05-04
1300,5/4/2025,1125,2050,402,0.0,373.56,5,afternoon,2025-05-04
1301,5/4/2025,1088,2087,403,2.0,509.82,2,morning,2025-05-04
1304,5/4/2025,1007,2071,403,1.0,553.64,4,morning,2025-05-04
1305,5/4/2025,1038,2043,404,1.0,786.1,5,evening,2025-05-04
1307,5/4/2025,1106,2030,402,3.0,1019.82,1,morning,2025-05-04
1308,5/4/2025,1079,2077,403,3.0,561.83,3,morning,2025-05-04
1309,5/4/2025,1138,2016,402,1.0,872.15,4,evening,2025-05-04
1310,5/4/2025,1148,2069,402,1.0,418.3,5,afternoon,2025-05-04
1311,5/4/2025,1079,2088,402,3.0,709.35,2,morning,2025-05-04
1312,5/4/2025,1197,2018,402,2.0,867.62,1,evening,2025-05-04
1313,5/4/2025,1017,2071,401,1.0,553.64,3,afternoon,2025-05-04
1314,5/4/2025,1081,2018,401,2.0,867.62,4,morning,2025-05-04
1315,5/4/2025,1105,2052,403,3.0,731.26,5,evening,2025-05-04
1318,5/4/2025,1047,2003,403,1.0,346.66,3,morning,2025-05-04
1323,5/4/2025,1035,2020,402,1.0,676.49,3,afternoon,2025-05-04
1324,5/4/2025,1008,2052,401,2.0,585.01,4,morning,2025-05-04
1325,5/4/2025,1105,2028,402,1.0,1148.29,5,evening,2025-05-04
1327,5/4/2025,1176,2041,404,1.0,1447.58,1,morning,2025-05-04
1328,5/4/2025,1109,2051,401,3.0,469.28,3,morning,2025-05-04
1331,5/4/2025,1010,2031,404,0.0,1130.6,2,morning,2025-05-04
1333,5/4/2025,1074,2056,404,2.0,839.55,3,afternoon,2025-05-04
1334,5/4/2025,1198,2036,404,1.0,392.36,4,morning,2025-05-04
1335,5/4/2025,1108,2037,401,1.0,648.25,5,evening,2025-05-04
1336,5/4/2025,1118,2082,404,0.0,799.8,2,afternoon,2025-05-04
1346,5/4/2025,1196,2021,403,1.0,751.87,2,afternoon,2025-05-04
1347,5/4/2025,1041,2018,402,0.0,1084.52,1,morning,2025-05-04
1350,5/4/2025,1033,2025,401,2.0,671.09,5,afternoon,2025-05-04
1354,5/4/2025,1104,2056,401,0.0,1574.16,4,morning,2025-05-04
1357,5/4/2025,1167,2044,401,1.0,560.47,1,morning,2025-05-04
1359,5/4/2025,1022,2006,401,3.0,990.0,4,evening,2025-05-04
1360,5/4/2025,1045,2020,403,1.0,1352.99,5,afternoon,2025-05-04
1361,5/4/2025,1116,2095,403,0.0,981.58,2,morning,2025-05-04
1362,5/4/2025,1023,2098,403,2.0,1452.58,1,evening,2025-05-04
1363,5/4/2025,1094,2048,401,3.0,1072.89,3,afternoon,2025-05-04
1365,5/4/2025,1034,2015,403,2.0,1079.95,5,evening,2025-05-04
1366,5/4/2025,1134,2052,402,1.0,1316.27,2,afternoon,2025-05-04
1370,5/4/2025,1033,2078,404,3.0,568.04,5,afternoon,2025-05-04
1376,5/4/2025,1163,2025,403,2.0,447.39,2,afternoon,2025-05-04
1380,5/4/2025,1049,2042,403,3.0,670.44,5,afternoon,2025-05-04
1382,5/4/2025,1039,2080,404,2.0,665.81,1,evening,2025-05-04
1384,5/4/2025,1144,2092,403,0.0,1446.63,4,morning,2025-05-04
1385,5/4/2025,1053,2073,403,2.0,1198.63,5,evening,2025-05-04
1387,5/4/2025,1086,2048,402,3.0,1072.89,1,morning,2025-05-04
1391,5/4/2025,1095,2057,403,1.0,786.56,2,morning,2025-05-04
1392,5/4/2025,1134,2038,402,0.0,926.51,1,evening,2025-05-04
1395,5/4/2025,1128,2019,402,2.0,1494.29,5,evening,2025-05-04
1397,5/4/2025,1036,2098,401,1.0,817.07,1,morning,2025-05-04
1399,5/4/2025,1099,2091,401,0.0,905.79,4,evening,2025-05-04
1401,5/4/2025,1119,2005,401,2.0,686.05,2,morning,2025-05-04
1406,5/4/2025,1040,2035,401,0.0,899.99,2,afternoon,2025-05-04
1411,5/4/2025,1138,2056,401,1.0,944.5,2,morning,2025-05-04
1412,5/4/2025,1007,2060,401,0.0,816.76,1,evening,2025-05-04
1413,5/4/2025,1098,2006,401,3.0,990.0,3,afternoon,2025-05-04
1417,5/4/2025,1023,2089,404,0.0,413.52,1,morning,2025-05-04
1419,5/4/2025,1059,2028,402,2.0,1531.06,4,evening,2025-05-04
1422,5/4/2025,1016,2060,401,2.0,653.41,1,evening,2025-05-04
1423,5/4/2025,1122,2059,402,2.0,1228.92,3,afternoon,2025-05-04
1426,5/4/2025,1142,2083,401,2.0,1229.06,2,afternoon,2025-05-04
1429,5/4/2025,1123,2049,401,2.0,751.87,4,evening,2025-05-04
1430,5/4/2025,1053,2088,404,3.0,709.35,5,afternoon,2025-05-04
1431,5/4/2025,1145,2043,402,1.0,1572.21,2,morning,2025-05-04
1432,5/4/2025,1169,2085,401,3.0,1210.75,1,evening,2025-05-04
1433,5/4/2025,1029,2075,404,2.0,1249.02,3,afternoon,2025-05-04
1436,5/4/2025,1175,2076,404,2.0,1289.71,2,afternoon,2025-05-04
1437,5/4/2025,1126,2082,401,0.0,1066.4,1,morning,2025-05-04
1439,5/4/2025,1169,2019,404,2.0,747.14,4,evening,2025-05-04
1440,5/4/2025,1099,2078,404,1.0,383.43,5,afternoon,2025-05-04
1443,5/4/2025,1183,2044,401,0.0,1037.9,3,afternoon,2025-05-04
1444,5/4/2025,1156,2065,404,1.0,423.31,4,morning,2025-05-04
1445,5/4/2025,1075,2007,403,0.0,1166.78,5,evening,2025-05-04
1449,5/4/2025,1182,2048,404,3.0,357.63,4,evening,2025-05-04
1450,5/4/2025,1111,2069,402,1.0,836.6,5,afternoon,2025-05-04
1452,5/4/2025,1092,2053,402,2.0,1464.36,1,evening,2025-05-04
1453,5/4/2025,1171,2016,402,0.0,646.04,3,afternoon,2025-05-04
1456,5/4/2025,1021,2017,404,3.0,463.7,2,afternoon,2025-05-04
1457,5/4/2025,1178,2077,404,1.0,505.65,1,morning,2025-05-04
1458,5/4/2025,1116,2065,404,3.0,470.34,3,morning,2025-05-04
1461,5/4/2025,1187,2030,403,3.0,509.91,2,morning,2025-05-04
1462,5/4/2025,1139,2073,403,0.0,499.43,1,evening,2025-05-04
1467,5/4/2025,1120,2080,401,2.0,665.81,1,morning,2025-05-04
1472,5/4/2025,1015,2080,404,1.0,749.03,1,evening,2025-05-04
1473,5/4/2025,1146,2006,403,0.0,792.0,3,afternoon,2025-05-04
1474,5/4/2025,1073,2062,401,1.0,1114.85,4,morning,2025-05-04
1476,5/4/2025,1033,2078,403,2.0,340.82,2,afternoon,2025-05-04
1477,5/4/2025,1065,2001,401,1.0,371.12,1,morning,2025-05-04
1478,5/4/2025,1151,2094,402,3.0,493.35,3,morning,2025-05-04
1481,5/4/2025,1021,2018,402,3.0,542.26,2,morning,2025-05-04
1483,5/4/2025,1169,2056,402,1.0,944.5,3,afternoon,2025-05-04
1485,5/4/2025,1164,2033,401,0.0,836.25,5,evening,2025-05-04
1490,5/4/2025,1073,2057,404,2.0,349.58,5,afternoon,2025-05-04
1491,5/4/2025,1135,2087,401,0.0,318.64,2,morning,2025-05-04
1493,5/4/2025,1156,2083,403,2.0,1229.06,3,afternoon,2025-05-04
1497,5/4/2025,1133,2043,402,2.0,1397.52,1,morning,2025-05-04
1498,5/4/2025,1140,2001,401,0.0,1237.05,3,morning,2025-05-04
1499,5/4/2025,1003,2052,401,0.0,731.26,4,evening,2025-05-04
1500,5/4/2025,1175,2057,403,1.0,1179.85,5,afternoon,2025-05-04
1501,5/4/2025,1185,2036,403,1.0,980.91,2,morning,2025-05-04
1504,5/4/2025,1181,2015,401,1.0,1214.95,4,morning,2025-05-04
1506,5/4/2025,1178,2023,403,2.0,1503.26,2,afternoon,2025-05-04
1508,5/4/2025,1070,2098,404,2.0,1452.58,3,morning,2025-05-04
1509,5/4/2025,1065,2020,401,2.0,300.66,4,evening,2025-05-04
1511,5/4/2025,1085,2007,403,2.0,933.42,2,morning,2025-05-04
1513,5/4/2025,1051,2078,404,1.0,383.43,3,afternoon,2025-05-04
1514,5/4/2025,1165,2062,401,1.0,557.42,4,morning,2025-05-04
1515,5/4/2025,1138,2098,404,1.0,817.07,5,evening,2025-05-04
1516,5/4/2025,1157,2082,401,3.0,1066.4,2,afternoon,2025-05-04
1519,5/4/2025,1004,2063,402,0.0,552.46,4,evening,2025-05-04
1521,5/4/2025,1038,2089,403,3.0,1240.56,2,morning,2025-05-04
1525,5/4/2025,1145,2068,403,2.0,656.19,5,evening,2025-05-04
1531,5/4/2025,1169,2024,403,3.0,621.35,2,morning,2025-05-04
1537,5/4/2025,1136,2057,401,0.0,1310.94,1,morning,2025-05-04
1541,5/4/2025,1018,2004,402,3.0,927.25,2,morning,2025-05-04
1542,5/4/2025,1167,2002,404,0.0,866.0,1,evening,2025-05-04
1544,5/4/2025,1044,2080,401,2.0,665.81,4,morning,2025-05-04
1546,5/4/2025,1027,2014,404,1.0,443.34,2,afternoon,2025-05-04
1547,5/4/2025,1016,2025,404,2.0,671.09,1,morning,2025-05-04
1549,5/4/2025,1030,2087,402,2.0,382.37,4,morning,2025-05-04
1553,5/4/2025,1178,2047,402,3.0,1004.94,3,evening,2025-05-04
1554,5/4/2025,1062,2074,401,1.0,1187.1,4,afternoon,2025-05-04
1557,5/4/2025,1001,2022,401,2.0,536.94,1,evening,2025-05-04
1558,5/4/2025,1106,2088,404,1.0,1276.83,3,afternoon,2025-05-04
1560,5/4/2025,1105,2030,402,0.0,339.94,5,evening,2025-05-04
1564,5/4/2025,1030,2067,401,2.0,465.52,4,afternoon,2025-05-04
1565,5/4/2025,1194,2069,402,3.0,929.56,5,morning,2025-05-04
1566,5/4/2025,1197,2080,402,2.0,1331.62,2,morning,2025-05-04
1567,5/4/2025,1013,2024,401,1.0,335.53,1,evening,2025-05-04
1568,5/4/2025,1175,2060,404,1.0,735.08,3,afternoon,2025-05-04
1569,5/4/2025,1040,2085,401,0.0,484.3,4,morning,2025-05-04
1573,5/4/2025,1040,2003,404,0.0,385.18,3,evening,2025-05-04
1575,5/4/2025,1107,2025,403,1.0,754.97,5,morning,2025-05-04
1580,5/4/2025,1037,2027,404,1.0,465.5,5,evening,2025-05-04
1584,5/4/2025,1177,2072,401,2.0,672.48,4,afternoon,2025-05-04
1585,5/4/2025,1034,2014,404,3.0,985.2,5,morning,2025-05-04
1586,5/4/2025,1107,2021,403,1.0,751.87,2,morning,2025-05-04
1589,5/4/2025,1105,2066,404,1.0,928.91,4,morning,2025-05-04
1590,5/4/2025,1151,2060,404,2.0,653.41,5,evening,2025-05-04
1591,5/4/2025,1003,2093,404,1.0,680.35,2,afternoon,2025-05-04
1593,5/4/2025,1151,2019,401,3.0,933.93,3,evening,2025-05-04
1594,5/4/2025,1011,2005,404,0.0,428.78,4,afternoon,2025-05-04
1596,5/4/2025,1178,2012,404,3.0,623.19,2,morning,2025-05-04
1597,5/4/2025,1061,2010,401,3.0,389.2,1,evening,2025-05-04
1601,5/4/2025,1180,2058,401,3.0,666.75,2,afternoon,2025-05-04
1602,5/4/2025,1118,2098,402,3.0,907.86,1,morning,2025-05-04
1603,5/4/2025,1047,2047,404,0.0,334.98,3,evening,2025-05-04
1607,5/4/2025,1158,2042,401,2.0,402.26,1,evening,2025-05-04
1610,5/4/2025,1093,2022,401,1.0,604.06,5,evening,2025-05-04
1611,5/4/2025,1035,2042,402,0.0,335.22,2,afternoon,2025-05-04
1613,5/4/2025,1082,2045,403,3.0,312.14,3,evening,2025-05-04
1614,5/4/2025,1070,2006,401,2.0,633.6,4,afternoon,2025-05-04
1615,5/4/2025,1088,2057,404,0.0,436.98,5,morning,2025-05-04
1617,5/4/2025,1158,2047,401,1.0,904.45,1,evening,2025-05-04
1620,5/4/2025,1042,2035,401,1.0,809.99,5,evening,2025-05-04
1621,5/4/2025,1127,2019,402,0.0,933.93,2,afternoon,2025-05-04
1623,5/4/2025,1088,2053,404,0.0,610.15,3,evening,2025-05-04
1626,5/4/2025,1148,2043,403,3.0,873.45,2,morning,2025-05-04
1627,5/4/2025,1151,2085,404,3.0,726.45,1,evening,2025-05-04
1628,5/4/2025,1077,2072,402,2.0,1008.72,3,afternoon,2025-05-04
1629,5/4/2025,1043,2033,402,3.0,836.25,4,morning,2025-05-04
1630,5/4/2025,1095,2036,401,1.0,392.36,5,evening,2025-05-04
1631,5/4/2025,1090,2036,404,1.0,588.55,2,afternoon,2025-05-04
1632,5/4/2025,1158,2020,403,1.0,676.49,1,morning,2025-05-04
1634,5/4/2025,1060,2014,401,2.0,591.12,4,afternoon,2025-05-04
1635,5/4/2025,1147,2016,404,2.0,516.83,5,morning,2025-05-04
1638,5/4/2025,1095,2057,402,2.0,349.58,3,afternoon,2025-05-04
1640,5/4/2025,1196,2018,404,2.0,433.81,5,evening,2025-05-04
1641,5/4/2025,1039,2000,403,2.0,775.45,2,afternoon,2025-05-04
1642,5/4/2025,1121,2037,402,3.0,1080.42,1,morning,2025-05-04
1644,5/4/2025,1010,2017,401,2.0,1112.88,4,afternoon,2025-05-04
1645,5/4/2025,1006,2051,402,3.0,351.96,5,morning,2025-05-04
1646,5/4/2025,1091,2011,403,0.0,819.48,2,morning,2025-05-04
1647,5/4/2025,1155,2082,402,1.0,959.76,1,evening,2025-05-04
1648,5/4/2025,1005,2098,403,1.0,817.07,3,afternoon,2025-05-04
1650,5/4/2025,1131,2050,402,3.0,747.12,5,evening,2025-05-04
1652,5/4/2025,1101,2018,404,2.0,867.62,1,morning,2025-05-04
1653,5/4/2025,1098,2047,401,2.0,1071.94,3,evening,2025-05-04
1654,5/4/2025,1088,2044,403,3.0,830.32,4,afternoon,2025-05-04
1655,5/4/2025,1143,2011,402,3.0,1229.22,5,morning,2025-05-04
1656,5/4/2025,1189,2053,404,2.0,1464.36,2,morning,2025-05-04
1658,5/4/2025,1035,2075,401,1.0,1405.15,3,afternoon,2025-05-04
1661,5/4/2025,1001,2052,403,3.0,731.26,2,afternoon,2025-05-04
1662,5/4/2025,1044,2071,404,1.0,553.64,1,morning,2025-05-04
1664,5/4/2025,1141,2062,401,2.0,1486.46,4,afternoon,2025-05-04
1665,5/4/2025,1149,2038,404,3.0,926.51,5,morning,2025-05-04
1667,5/4/2025,1067,2038,404,0.0,926.51,1,evening,2025-05-04
1673,5/4/2025,1177,2015,403,0.0,674.97,3,evening,2025-05-04
1674,5/4/2025,1066,2020,401,1.0,1014.74,4,afternoon,2025-05-04
1675,5/4/2025,1081,2059,402,2.0,409.64,5,morning,2025-05-04
1676,5/4/2025,1041,2006,403,2.0,475.2,2,morning,2025-05-04
1679,5/4/2025,1196,2080,402,0.0,832.26,4,morning,2025-05-04
1680,5/4/2025,1153,2096,402,2.0,1075.49,5,evening,2025-05-04
1683,5/4/2025,1136,2074,403,1.0,593.55,3,evening,2025-05-04
1684,5/4/2025,1003,2017,403,2.0,1112.88,4,afternoon,2025-05-04
1685,5/4/2025,1199,2062,404,2.0,990.98,5,morning,2025-05-04
1688,5/4/2025,1106,2058,401,0.0,1333.5,3,afternoon,2025-05-04
1689,5/4/2025,1033,2002,404,2.0,1385.6,4,morning,2025-05-04
1693,5/4/2025,1056,2016,402,1.0,872.15,3,evening,2025-05-04
1694,5/4/2025,1078,2016,402,1.0,872.15,4,afternoon,2025-05-04
1697,5/4/2025,1010,2025,401,0.0,559.24,1,evening,2025-05-04
1698,5/4/2025,1168,2065,401,3.0,1411.02,3,afternoon,2025-05-04
1699,5/4/2025,1030,2032,401,0.0,945.6,4,morning,2025-05-04
1704,5/4/2025,1090,2020,402,0.0,751.66,4,afternoon,2025-05-04
1705,5/4/2025,1025,2074,401,1.0,593.55,5,morning,2025-05-04
1706,5/4/2025,1183,2024,403,1.0,335.53,2,morning,2025-05-04
1707,5/4/2025,1193,2068,401,0.0,820.24,1,evening,2025-05-04
1711,5/4/2025,1097,2054,402,1.0,810.46,2,afternoon,2025-05-04
1713,5/4/2025,1119,2014,402,3.0,1231.5,3,evening,2025-05-04
1721,5/4/2025,1101,2056,401,0.0,524.72,2,afternoon,2025-05-04
1722,5/4/2025,1036,2050,404,0.0,747.12,1,morning,2025-05-04
1723,5/4/2025,1189,2021,401,2.0,1336.66,3,evening,2025-05-04
1724,5/4/2025,1050,2043,402,3.0,873.45,4,afternoon,2025-05-04
1727,5/4/2025,1091,2060,404,3.0,1225.14,1,evening,2025-05-04
1728,5/4/2025,1130,2035,402,3.0,899.99,3,afternoon,2025-05-04
1735,5/4/2025,1169,2096,404,3.0,672.18,5,morning,2025-05-04
1739,5/4/2025,1098,2057,403,3.0,1310.94,4,morning,2025-05-04
1747,5/4/2025,1157,2086,403,2.0,1430.56,1,evening,2025-05-04
1752,5/4/2025,1105,2044,401,1.0,373.64,1,morning,2025-05-04
1753,5/4/2025,1063,2030,403,0.0,509.91,3,evening,2025-05-04
1758,5/4/2025,1081,2048,404,2.0,572.21,3,afternoon,2025-05-04
1759,5/4/2025,1146,2012,404,0.0,623.19,4,morning,2025-05-04
1760,5/4/2025,1176,2086,402,2.0,1430.56,5,evening,2025-05-04
1761,5/4/2025,1127,2064,403,1.0,529.27,2,afternoon,2025-05-04
1764,5/4/2025,1073,2033,401,2.0,1338.0,4,afternoon,2025-05-04
1768,5/4/2025,1053,2044,401,2.0,332.13,3,afternoon,2025-05-04
1770,5/4/2025,1051,2053,404,2.0,488.12,5,evening,2025-05-04
1773,5/4/2025,1054,2084,404,2.0,901.92,3,evening,2025-05-04
1775,5/4/2025,1133,2025,403,3.0,838.86,5,morning,2025-05-04
1777,5/4/2025,1111,2052,403,0.0,731.26,1,evening,2025-05-04
1780,5/4/2025,1175,2076,402,3.0,806.07,5,evening,2025-05-04
1781,5/4/2025,1061,2014,402,1.0,665.01,2,afternoon,2025-05-04
1791,5/4/2025,1146,2094,401,2.0,789.36,2,afternoon,2025-05-04
1792,5/4/2025,1127,2011,402,0.0,409.74,1,morning,2025-05-04
1795,5/4/2025,1055,2018,401,1.0,488.03,5,morning,2025-05-04
1796,5/4/2025,1054,2035,404,3.0,899.99,2,morning,2025-05-04
1801,5/4/2025,1183,2047,403,0.0,1004.94,2,afternoon,2025-05-04
1803,5/4/2025,1176,2085,402,2.0,581.16,3,evening,2025-05-04
1804,5/4/2025,1141,2049,403,2.0,1503.74,4,afternoon,2025-05-04
1805,5/4/2025,1175,2015,402,3.0,674.97,5,morning,2025-05-04
1807,5/4/2025,1077,2011,402,2.0,655.58,1,morning,2025-05-04
1808,5/4/2025,1053,2020,404,2.0,601.33,3,evening,2025-05-04
1809,5/4/2025,1196,2082,404,0.0,533.2,4,afternoon,2025-05-04
1810,5/4/2025,1070,2010,404,3.0,311.36,5,morning,2025-05-04
1812,5/4/2025,1025,2020,403,0.0,375.83,1,afternoon,2025-05-04
1814,5/4/2025,1177,2003,401,1.0,346.66,4,morning,2025-05-04
1815,5/4/2025,1161,2056,402,0.0,1049.44,5,evening,2025-05-04
1818,5/4/2025,1063,2066,402,3.0,516.06,3,evening,2025-05-04
1819,5/4/2025,1081,2057,404,1.0,786.56,4,afternoon,2025-05-04
1820,5/4/2025,1066,2022,403,2.0,536.94,5,morning,2025-05-04
1822,5/4/2025,1046,2050,404,1.0,336.2,1,afternoon,2025-05-04
1826,5/4/2025,1038,2011,403,1.0,1475.06,2,afternoon,2025-05-04
1828,5/4/2025,1197,2058,404,0.0,666.75,3,evening,2025-05-04
1829,5/4/2025,1057,2091,402,1.0,815.21,4,afternoon,2025-05-04
1830,5/4/2025,1005,2034,403,3.0,544.68,5,morning,2025-05-04
1832,5/4/2025,1153,2027,403,1.0,698.25,1,afternoon,2025-05-04
1834,5/4/2025,1007,2037,403,1.0,648.25,4,morning,2025-05-04
1835,5/4/2025,1158,2057,402,2.0,699.17,5,evening,2025-05-04
1836,5/4/2025,1149,2087,404,0.0,637.28,2,afternoon,2025-05-04
1837,5/4/2025,1002,2060,402,2.0,326.7,1,morning,2025-05-04
1840,5/4/2025,1024,2071,401,0.0,615.16,5,morning,2025-05-04
1841,5/4/2025,1085,2030,404,2.0,407.93,2,evening,2025-05-04
1842,5/4/2025,1155,2085,401,0.0,726.45,1,afternoon,2025-05-04
1843,5/4/2025,1064,2064,404,2.0,940.93,3,morning,2025-05-04
1845,5/4/2025,1143,2005,402,2.0,343.02,5,evening,2025-05-04
1848,5/4/2025,1181,2067,404,1.0,523.71,3,evening,2025-05-04
1850,5/4/2025,1032,2063,403,2.0,441.97,5,morning,2025-05-04
1851,5/4/2025,1110,2036,403,2.0,348.77,2,evening,2025-05-04
1855,5/4/2025,1048,2019,401,1.0,840.54,5,evening,2025-05-04
1856,5/4/2025,1046,2004,404,2.0,741.8,2,afternoon,2025-05-04
1857,5/4/2025,1041,2090,404,3.0,358.2,1,morning,2025-05-04
1860,5/4/2025,1126,2014,402,0.0,492.6,5,morning,2025-05-04
1866,5/4/2025,1100,2047,401,2.0,803.95,2,afternoon,2025-05-04
1867,5/4/2025,1039,2003,401,3.0,1155.54,1,morning,2025-05-04
1868,5/4/2025,1181,2084,404,3.0,1127.4,3,evening,2025-05-04
1869,5/4/2025,1160,2034,401,2.0,326.81,4,afternoon,2025-05-04
1870,5/4/2025,1011,2083,404,2.0,614.53,5,morning,2025-05-04
1871,5/4/2025,1187,2093,402,1.0,680.35,2,evening,2025-05-04
1872,5/4/2025,1012,2082,403,2.0,853.12,1,afternoon,2025-05-04
1879,5/4/2025,1188,2039,402,2.0,1562.3,4,afternoon,2025-05-04
1880,5/4/2025,1170,2012,403,1.0,560.87,5,morning,2025-05-04
1881,5/4/2025,1125,2057,404,3.0,1310.94,2,evening,2025-05-04
1882,5/4/2025,1068,2072,404,0.0,420.3,1,afternoon,2025-05-04
1887,5/4/2025,1134,2080,401,2.0,1331.62,1,morning,2025-05-04
1889,5/4/2025,1076,2019,402,2.0,747.14,4,afternoon,2025-05-04
1896,5/4/2025,1046,2050,401,0.0,560.34,2,afternoon,2025-05-04
1898,5/4/2025,1150,2092,404,3.0,482.21,3,evening,2025-05-04
1899,5/4/2025,1159,2033,403,1.0,752.62,4,afternoon,2025-05-04
1900,5/4/2025,1054,2023,401,2.0,751.63,5,morning,2025-05-04
1902,5/4/2025,1001,2050,401,0.0,560.34,1,afternoon,2025-05-04
1905,5/4/2025,1158,2078,403,3.0,568.04,5,evening,2025-05-04
1906,5/4/2025,1077,2011,402,1.0,368.77,2,afternoon,2025-05-04
1909,5/4/2025,1123,2083,402,1.0,1382.69,4,afternoon,2025-05-04
1911,5/4/2025,1077,2098,404,1.0,817.07,2,evening,2025-05-04
1913,5/4/2025,1042,2019,404,3.0,933.93,3,morning,2025-05-04
1914,5/4/2025,1120,2002,404,1.0,1558.8,4,morning,2025-05-04
1916,5/4/2025,1085,2001,401,3.0,412.35,2,afternoon,2025-05-04
1918,5/4/2025,1124,2051,404,3.0,351.96,3,evening,2025-05-04
1920,5/4/2025,1108,2073,403,0.0,1498.29,5,morning,2025-05-04
1924,5/4/2025,1073,2092,402,3.0,482.21,4,morning,2025-05-04
1926,5/4/2025,1150,2087,403,3.0,477.96,2,afternoon,2025-05-04
1927,5/4/2025,1033,2037,404,3.0,1440.56,1,morning,2025-05-04
1930,5/4/2025,1176,2095,401,3.0,1472.37,5,morning,2025-05-04
1931,5/4/2025,1033,2022,402,1.0,1208.12,2,evening,2025-05-04
1935,5/4/2025,1066,2045,402,1.0,1123.7,5,evening,2025-05-04
1938,5/4/2025,1143,2028,404,2.0,1531.06,3,evening,2025-05-04
1940,5/4/2025,1038,2088,401,0.0,1418.7,5,morning,2025-05-04
1942,5/4/2025,1005,2078,401,0.0,426.03,1,afternoon,2025-05-04
1949,5/4/2025,1121,2043,403,1.0,1572.21,4,afternoon,2025-05-04
1950,5/4/2025,1021,2034,403,3.0,544.68,5,morning,2025-05-04
1955,5/4/2025,1113,2018,401,0.0,1084.52,5,evening,2025-05-04
1961,5/4/2025,1088,2001,403,1.0,1113.34,2,evening,2025-05-04
1964,5/4/2025,1005,2083,404,1.0,691.34,4,morning,2025-05-04
1966,5/4/2025,1099,2092,402,2.0,1157.3,2,afternoon,2025-05-04
1967,5/4/2025,1054,2011,403,2.0,327.79,1,morning,2025-05-04
1969,5/4/2025,1007,2069,403,1.0,836.6,4,afternoon,2025-05-04
1971,5/4/2025,1187,2007,403,2.0,466.71,2,evening,2025-05-04
1972,5/4/2025,1160,2064,403,0.0,1176.16,1,afternoon,2025-05-04
1973,5/4/2025,1012,2096,401,3.0,672.18,3,morning,2025-05-04
1974,5/4/2025,1076,2073,401,3.0,499.43,4,morning,2025-05-04
1975,5/4/2025,1086,2030,402,2.0,407.93,5,evening,2025-05-04
1978,5/4/2025,1083,2066,402,2.0,1238.54,3,evening,2025-05-04
1981,5/4/2025,1108,2016,404,1.0,872.15,2,evening,2025-05-04
1983,5/4/2025,1150,2071,404,2.0,492.13,3,morning,2025-05-04
1985,5/4/2025,1176,2062,404,1.0,557.42,5,evening,2025-05-04
1988,5/4/2025,1177,2027,404,3.0,1034.44,3,evening,2025-05-04
1990,5/4/2025,1030,2077,404,0.0,1123.66,5,morning,2025-05-04
1991,5/4/2025,1030,2047,403,0.0,334.98,2,evening,2025-05-04
1992,5/4/2025,1133,2019,401,2.0,747.14,1,afternoon,2025-05-04
1993,5/4/2025,1078,2047,403,2.0,535.97,3,morning,2025-05-04
1994,5/4/2025,1124,2003,402,1.0,1386.65,4,morning,2025-05-04
1996,5/4/2025,1078,2036,402,1.0,588.55,2,afternoon,2025-05-04
1999,5/4/2025,1106,2061,403,3.0,599.76,4,afternoon,2025-05-04
2000,5/4/2025,1086,2048,404,1.0,321.87,5,morning,2025-05-04
6,5/4/2025,1089,2028,401,0.0,1275.88,2,evening,2025-05-04
