TransactionID,SaleDate,CustomerID,ProductID,StoreID,CampaignID,SaleAmount,QTYPurchased,SaleTime
1,5/4/2025,1034,2059,402,0,2048.2,3,morning
2,5/4/2025,1066,2048,403,1,321.87,1,evening
3,5/4/2025,1116,2041,403,3,3216.84,5,afternoon
4,5/4/2025,1071,2096,404,2,1613.23,2,morning
5,5/4/2025,1020,2060,401,0,408.38,4,evening
6,5/4/2025,1089,2028,401,0,1275.88,1,afternoon
7,5/4/2025,1193,2003,402,1,346.66,3,morning
8,5/4/2025,1005,2079,402,1,855.49,2,morning
9,5/4/2025,1032,2060,401,1,735.08,5,evening
10,5/4/2025,1119,2089,403,2,661.63,4,afternoon
11,5/4/2025,1042,2077,401,,505.65,2,morning
12,5/4/2025,1079,2013,401,2,0,1,evening
13,5/4/2025,1147,2086,404,3,4470.5,3,afternoon
14,5/4/2025,1183,2025,401,1,503.32,5,morning
15,5/4/2025,1026,2089,403,0,413.52,4,evening
16,5/4/2025,1144,2005,403,3,1715.12,2,afternoon
17,5/4/2025,1169,2047,401,2,535.97,1,morning
18,5/4/2025,1003,2053,404,0,3660.9,3,morning
19,5/4/2025,1110,2046,404,1,30.09,4,evening
20,5/4/2025,1111,2022,403,3,671.18,5,afternoon
21,5/4/2025,1119,2055,403,2,?,2,morning
22,5/4/2025,1062,2011,403,3,1229.22,1,evening
23,5/4/2025,1062,2096,404,3,672.18,3,afternoon
24,5/4/2025,1086,2003,404,2,924.43,4,morning
25,5/4/2025,1046,2062,402,2,1981.95,5,evening
26,5/4/2025,1066,2043,403,2,698.76,2,afternoon
27,5/4/2025,1142,2001,402,0,1237.05,1,morning
28,5/4/2025,1061,2092,404,3,482.21,3,morning
29,5/4/2025,1142,2097,402,3,4210.5,4,evening
30,5/4/2025,1165,2091,404,3,4528.95,5,afternoon
31,2023-13-01,1004,2011,403,1,737.53,2,morning
32,5/4/2025,1103,2088,402,2,0,1,evening
33,5/4/2025,1169,2074,403,3,0,3,afternoon
34,5/4/2025,1141,2067,403,3,872.85,4,morning
35,5/4/2025,1190,2070,403,2,54.69,5,evening
36,5/4/2025,1179,2058,403,2,1066.8,2,afternoon
37,5/4/2025,1064,2029,401,1,12.16,1,morning
38,5/4/2025,1080,2015,402,1,3037.36,3,morning
39,5/4/2025,1055,2094,404,2,1578.72,4,evening
40,5/4/2025,1185,2075,403,0,0,5,afternoon
41,5/4/2025,9999,2037,402,2,288.11,2,morning
42,5/4/2025,1045,2038,401,1,1667.72,1,evening
43,5/4/2025,1070,2005,401,2,686.05,3,afternoon
44,5/4/2025,1178,2016,404,0,0,4,morning
45,5/4/2025,1003,2073,403,3,1498.29,5,evening
46,5/4/2025,1122,2056,403,1,944.5,2,afternoon
47,5/4/2025,1013,2032,404,0,2836.8,1,morning
48,5/4/2025,1016,2051,404,0,117.32,3,morning
49,5/4/2025,1147,2080,401,1,0,4,evening
50,5/4/2025,1038,2072,403,0,840.6,5,afternoon
51,5/4/2025,1063,2015,404,1,1214.95,2,morning
52,5/4/2025,1198,2066,404,3,516.06,1,evening
53,5/4/2025,1113,2038,404,2,2223.62,3,afternoon
54,5/4/2025,1145,2079,401,0,1901.08,4,morning
55,5/4/2025,1195,2026,402,2,507.74,5,evening
56,5/4/2025,1169,2010,402,1,140.11,2,afternoon
57,5/4/2025,1044,2070,401,1,0,1,morning
58,5/4/2025,1000,2052,404,3,2193.78,3,morning
59,5/4/2025,1074,2004,402,2,741.8,4,evening
60,5/4/2025,1180,2036,404,0,217.98,5,afternoon
61,5/4/2025,1175,2029,403,1,36.48,2,morning
62,5/4/2025,1108,2014,402,1,221.67,1,evening
63,5/4/2025,1068,2018,401,0,2169.04,3,afternoon
64,5/4/2025,1042,2039,403,3,2929.32,4,morning
65,5/4/2025,1031,2059,403,3,0,5,evening
66,5/4/2025,1069,2064,404,3,1470.2,2,afternoon
67,5/4/2025,1020,2076,401,3,4836.42,1,morning
68,5/4/2025,1188,2041,403,0,1608.42,3,morning
69,5/4/2025,1023,2029,401,2,0,4,evening
70,5/4/2025,1147,2005,402,3,0,5,afternoon
71,5/4/2025,1132,2083,404,2,614.53,2,morning
72,5/4/2025,1046,2074,404,3,659.5,1,evening
73,5/4/2025,1023,2060,403,3,1225.14,3,afternoon
74,5/4/2025,1085,2041,401,1,1447.58,4,morning
75,5/4/2025,1084,2052,404,2,2925.04,5,evening
76,5/4/2025,1169,2051,401,3,117.32,2,afternoon
77,5/4/2025,1022,2040,403,2,55.26,1,morning
78,5/4/2025,1029,2098,404,0,3631.44,3,morning
79,5/4/2025,1168,2069,404,3,232.39,4,evening
80,5/4/2025,1013,2024,403,3,372.81,5,afternoon
81,5/4/2025,1160,2056,401,1,472.25,2,morning
82,5/4/2025,1068,2070,402,2,109.38,1,evening
83,5/4/2025,1112,2089,404,0,2067.6,3,afternoon
84,5/4/2025,1007,2080,402,1,1498.07,4,morning
85,5/4/2025,1079,2070,401,3,34.18,5,evening
86,5/4/2025,1023,2028,401,3,2551.76,2,afternoon
87,5/4/2025,1030,2082,402,3,799.8,1,morning
88,5/4/2025,1183,2037,403,3,2160.84,3,morning
89,5/4/2025,1123,2060,402,3,2450.28,4,evening
90,5/4/2025,1141,2018,404,1,2440.17,5,afternoon
91,5/4/2025,1153,2065,402,0,470.34,2,morning
92,5/4/2025,1070,2098,404,2,0,1,evening
93,5/4/2025,1129,2034,401,2,108.94,3,afternoon
94,5/4/2025,1185,2038,404,1,1667.72,4,morning
95,5/4/2025,1114,2068,404,2,656.19,5,evening
96,5/4/2025,1085,2070,404,3,0,2,afternoon
97,5/4/2025,1082,2024,402,3,372.81,1,morning
98,5/4/2025,1059,2099,404,0,1292.64,3,morning
99,5/4/2025,1081,2095,404,3,490.79,4,evening
100,5/4/2025,1098,2084,402,3,0,5,afternoon
101,5/4/2025,1009,2016,403,0,969.06,2,morning
102,5/4/2025,1112,2012,404,0,1869.57,1,evening
103,5/4/2025,1184,2018,404,1,488.03,3,afternoon
104,5/4/2025,1019,2060,403,2,0,4,morning
105,5/4/2025,1159,2088,404,0,0,5,evening
106,5/4/2025,1084,2086,404,2,2861.12,2,afternoon
107,5/4/2025,1160,2091,404,0,905.79,1,morning
108,5/4/2025,1158,2008,402,2,159.82,3,morning
109,5/4/2025,1058,2095,401,3,2453.95,4,evening
110,5/4/2025,1025,2097,401,3,842.1,5,afternoon
111,5/4/2025,1042,2088,403,0,709.35,2,morning
112,5/4/2025,1011,2041,401,2,0,1,evening
113,5/4/2025,1091,2047,404,1,0,3,afternoon
114,5/4/2025,1062,2067,404,1,0,4,morning
115,5/4/2025,1043,2022,401,3,2684.72,5,evening
116,5/4/2025,1158,2087,402,3,477.96,2,afternoon
117,5/4/2025,1149,2018,402,3,1626.78,1,morning
118,5/4/2025,1163,2032,404,2,756.48,3,morning
119,5/4/2025,1170,2001,404,2,659.76,4,evening
120,5/4/2025,1173,2069,402,0,464.78,5,afternoon
121,5/4/2025,1113,2044,403,3,0,2,morning
122,5/4/2025,1176,2032,404,2,756.48,1,evening
123,5/4/2025,1050,2049,404,0,2819.52,3,afternoon
124,5/4/2025,1060,2048,403,2,1144.42,4,morning
125,5/4/2025,1179,2037,401,3,1440.56,5,evening
126,5/4/2025,1070,2001,401,3,0,2,afternoon
127,5/4/2025,1073,2099,402,2,0,1,morning
128,5/4/2025,1056,2081,402,2,0,3,morning
129,5/4/2025,1173,2096,402,0,672.18,4,evening
130,5/4/2025,1160,2082,401,2,426.56,5,afternoon
131,5/4/2025,1112,2004,403,1,1669.05,2,morning
132,5/4/2025,1023,2037,403,3,2160.84,1,evening
133,5/4/2025,1044,2025,402,2,223.7,3,afternoon
134,5/4/2025,1135,2064,403,1,793.91,4,morning
135,5/4/2025,1065,2061,403,2,639.74,5,evening
136,5/4/2025,1029,2059,401,1,921.69,2,afternoon
137,5/4/2025,1193,2028,404,2,1531.06,1,morning
138,5/4/2025,1023,2050,401,2,298.85,3,morning
139,5/4/2025,1137,2015,404,2,539.98,4,evening
140,5/4/2025,1172,2095,403,3,2453.95,5,afternoon
141,5/4/2025,1163,2047,401,1,301.48,2,morning
142,5/4/2025,1120,2003,403,1,1039.99,1,evening
143,5/4/2025,1165,2008,404,2,53.27,3,afternoon
144,5/4/2025,1166,2052,401,1,658.13,4,morning
145,5/4/2025,1011,2004,403,3,3709,5,evening
146,5/4/2025,1029,2012,402,1,0,2,afternoon
147,5/4/2025,1099,2058,403,3,666.75,1,morning
148,5/4/2025,1150,2095,402,3,490.79,3,morning
149,5/4/2025,1167,2012,404,3,0,4,evening
150,5/4/2025,1071,2004,403,1,834.52,5,afternoon
151,5/4/2025,1113,2056,402,2,839.55,2,morning
152,5/4/2025,1025,2087,403,2,0,1,evening
153,5/4/2025,1015,2050,403,1,504.31,3,afternoon
154,5/4/2025,1031,2058,401,1,2400.3,4,morning
155,5/4/2025,1164,2081,401,0,2984.88,5,evening
156,5/4/2025,1085,2031,402,1,508.77,2,afternoon
157,5/4/2025,1017,2097,402,1,757.89,1,morning
158,5/4/2025,1059,2042,402,0,0,3,morning
159,5/4/2025,1070,2018,402,2,0,4,evening
160,5/4/2025,1044,2014,401,1,886.68,5,afternoon
161,5/4/2025,1003,2045,402,2,499.42,2,morning
162,5/4/2025,1004,2022,403,0,671.18,1,evening
163,5/4/2025,1032,2094,404,0,493.35,3,afternoon
164,5/4/2025,1190,2008,404,3,266.36,4,morning
165,5/4/2025,1199,2046,401,3,167.15,5,evening
166,5/4/2025,1128,2028,401,2,2041.41,2,afternoon
167,5/4/2025,1117,2082,401,0,799.8,1,morning
168,5/4/2025,1122,2051,404,0,234.64,3,morning
169,5/4/2025,1125,2091,404,0,1811.58,4,evening
170,5/4/2025,1020,2041,402,0,0,5,afternoon
171,5/4/2025,1032,2035,403,3,4499.95,2,morning
172,5/4/2025,1152,2067,403,3,872.85,1,evening
173,5/4/2025,1129,2077,404,0,2809.15,3,afternoon
174,5/4/2025,1179,2014,402,3,738.9,4,morning
175,5/4/2025,1115,2029,404,2,0,5,evening
176,5/4/2025,1116,2051,404,0,351.96,2,afternoon
177,5/4/2025,1080,2054,403,2,3602.04,1,morning
178,5/4/2025,1095,2019,404,0,933.93,3,morning
179,5/4/2025,1023,2010,401,3,0,4,evening
180,5/4/2025,1024,2095,403,1,3533.69,5,afternoon
181,5/4/2025,1142,2007,403,0,583.39,2,morning
182,5/4/2025,1105,2045,404,0,624.28,1,evening
183,5/4/2025,1073,2076,403,2,1934.57,3,afternoon
184,5/4/2025,1026,2073,402,1,1797.95,4,morning
185,5/4/2025,1168,2061,402,0,599.76,5,evening
186,5/4/2025,1089,2071,403,0,0,2,afternoon
187,5/4/2025,1195,2035,402,3,0,1,morning
188,5/4/2025,1143,2098,401,2,2178.86,3,morning
189,5/4/2025,1007,2023,403,2,751.63,4,evening
190,5/4/2025,1086,2044,401,1,373.64,5,afternoon
191,5/4/2025,1036,2072,404,0,1260.9,2,morning
192,5/4/2025,1036,2094,401,0,2466.75,1,evening
193,5/4/2025,1191,2067,402,3,872.85,3,afternoon
194,5/4/2025,1107,2058,403,1,1800.22,4,morning
195,5/4/2025,1094,2039,403,0,1952.88,5,evening
196,5/4/2025,1013,2019,402,0,0,2,afternoon
197,5/4/2025,1172,2010,403,3,0,1,morning
198,5/4/2025,1169,2054,404,3,900.51,3,morning
199,5/4/2025,1106,2034,402,0,136.17,4,evening
200,5/4/2025,1088,2055,401,2,129.46,5,afternoon
201,5/4/2025,1173,2086,404,2,715.28,2,morning
202,5/4/2025,1011,2028,404,0,0,1,evening
203,5/4/2025,1001,2026,403,1,190.4,3,afternoon
204,5/4/2025,1196,2017,403,2,370.96,4,morning
205,5/4/2025,1083,2015,401,3,0,5,evening
206,5/4/2025,1191,2055,402,1,48.55,2,afternoon
207,5/4/2025,1097,2068,402,2,1312.38,1,morning
208,5/4/2025,1018,2050,401,3,0,3,morning
209,5/4/2025,1004,2058,401,2,1066.8,4,evening
210,5/4/2025,1147,2054,404,3,2701.53,5,afternoon
211,5/4/2025,1074,2014,404,0,738.9,2,morning
212,5/4/2025,1083,2021,404,2,668.33,1,evening
213,5/4/2025,1022,2055,401,1,97.09,3,afternoon
214,5/4/2025,1111,2075,404,0,1561.28,4,morning
215,5/4/2025,1101,2039,403,1,2636.39,5,evening
216,5/4/2025,1085,2099,402,0,646.32,2,afternoon
217,5/4/2025,1130,2081,401,1,1343.2,1,morning
218,5/4/2025,1198,2044,403,1,186.82,3,morning
219,5/4/2025,1060,2013,402,2,0,4,evening
220,5/4/2025,1050,2022,402,0,671.18,5,afternoon
221,5/4/2025,1045,2098,404,3,907.86,2,morning
222,5/4/2025,1193,2072,404,2,1681.2,1,evening
223,5/4/2025,1160,2040,402,3,138.16,3,afternoon
224,5/4/2025,1017,2060,404,2,0,4,morning
225,5/4/2025,1070,2075,401,2,624.51,5,evening
226,5/4/2025,1129,2009,403,3,198.93,2,afternoon
227,5/4/2025,1115,2004,401,2,2225.4,1,morning
228,5/4/2025,1073,2009,401,3,66.31,3,morning
229,5/4/2025,1118,2074,401,3,659.5,4,evening
230,5/4/2025,1146,2083,402,2,614.53,5,afternoon
231,5/4/2025,1154,2060,402,0,408.38,2,morning
232,5/4/2025,1115,2013,403,0,2806.08,1,evening
233,5/4/2025,1129,2082,402,0,1066.4,3,afternoon
234,5/4/2025,1063,2090,404,3,71.64,4,morning
235,5/4/2025,1134,2066,402,2,1238.54,5,evening
236,5/4/2025,1095,2036,404,3,653.94,2,afternoon
237,5/4/2025,1198,2043,401,2,1397.52,1,morning
238,5/4/2025,1016,2042,401,3,0,3,morning
239,5/4/2025,1072,2032,402,2,1512.96,4,evening
240,5/4/2025,1020,2074,402,2,527.6,5,afternoon
241,5/4/2025,1079,2083,404,1,691.34,2,morning
242,5/4/2025,1152,2090,401,2,57.31,1,evening
243,5/4/2025,1143,2048,403,1,0,3,afternoon
244,5/4/2025,1171,2089,401,3,1654.08,4,morning
245,5/4/2025,1130,2046,401,2,106.98,5,evening
246,5/4/2025,1079,2023,402,2,3006.53,2,afternoon
247,5/4/2025,1196,2062,402,1,1114.85,1,morning
248,5/4/2025,1035,2019,401,2,0,3,morning
249,5/4/2025,1025,2064,401,2,705.7,4,evening
250,5/4/2025,1196,2079,402,3,2851.62,5,afternoon
251,5/4/2025,1039,2020,402,1,338.25,2,morning
252,5/4/2025,1184,2056,401,3,1574.16,1,evening
253,5/4/2025,1093,2086,402,3,3576.4,3,afternoon
254,5/4/2025,1156,2036,404,1,392.36,4,morning
255,5/4/2025,1136,2030,403,3,509.91,5,evening
256,5/4/2025,1049,2047,404,3,1674.9,2,afternoon
257,5/4/2025,1196,2036,404,3,0,1,morning
258,5/4/2025,1041,2025,402,2,671.09,3,morning
259,5/4/2025,1013,2082,404,2,1066.4,4,morning
260,5/4/2025,1141,2013,401,2,748.29,5,evening
261,5/4/2025,1021,2097,402,2,673.68,2,afternoon
262,5/4/2025,1115,2065,402,3,1881.36,1,morning
263,5/4/2025,1023,2028,404,2,510.35,3,evening
264,5/4/2025,1006,2053,401,3,610.15,4,afternoon
265,5/4/2025,1128,2047,402,3,1004.94,5,morning
266,5/4/2025,1020,2047,402,0,669.96,2,morning
267,5/4/2025,1081,2012,403,1,1682.61,1,evening
268,5/4/2025,1035,2004,403,3,927.25,3,afternoon
269,5/4/2025,1178,2017,404,3,1854.8,4,morning
270,5/4/2025,1157,2000,401,0,1938.62,5,evening
271,5/4/2025,1065,2027,402,3,775.83,2,afternoon
272,5/4/2025,1028,2099,403,1,3490.13,1,morning
273,5/4/2025,1077,2015,401,1,1822.42,3,evening
274,5/4/2025,1107,2081,404,0,2238.66,4,afternoon
275,5/4/2025,1028,2063,401,1,994.43,5,morning
276,5/4/2025,1183,2018,403,3,2711.3,2,morning
277,5/4/2025,1000,2078,403,1,0,1,evening
278,5/4/2025,1146,2053,402,0,1220.3,3,afternoon
279,5/4/2025,1134,2046,401,0,33.43,4,morning
280,5/4/2025,1099,2060,401,3,1633.52,5,evening
281,5/4/2025,1095,2032,401,2,1512.96,2,afternoon
282,5/4/2025,1017,2044,402,0,207.58,1,morning
283,5/4/2025,1197,2074,403,1,593.55,3,evening
284,5/4/2025,1011,2045,403,1,842.78,4,afternoon
285,5/4/2025,1199,2087,404,3,159.32,5,morning
286,5/4/2025,1161,2023,402,0,939.54,2,morning
287,5/4/2025,1183,2099,404,0,1292.64,1,evening
288,5/4/2025,1075,2025,401,1,0,3,afternoon
289,5/4/2025,1010,2040,403,3,138.16,4,morning
290,5/4/2025,1139,2060,403,0,1225.14,5,evening
291,5/4/2025,1192,2082,402,2,213.28,2,afternoon
292,5/4/2025,1091,2099,401,2,1034.11,1,morning
293,5/4/2025,1069,2015,403,3,2699.88,3,evening
294,5/4/2025,1102,2095,404,3,1472.37,4,afternoon
295,5/4/2025,1086,2023,404,3,3758.16,5,morning
296,5/4/2025,1094,2066,403,0,1032.12,2,morning
297,5/4/2025,1186,2054,401,3,0,1,evening
298,5/4/2025,1154,2023,403,2,751.63,3,afternoon
299,5/4/2025,1026,2010,403,2,62.27,4,morning
300,5/4/2025,1078,2057,404,1,393.28,5,evening
301,5/4/2025,1176,2056,403,3,524.72,2,afternoon
302,5/4/2025,1010,2093,403,3,0,1,morning
303,5/4/2025,1070,2081,401,0,1492.44,3,evening
304,5/4/2025,1171,2081,404,2,596.98,4,afternoon
305,5/4/2025,1131,2095,402,0,1472.37,5,morning
306,5/4/2025,1036,2077,404,0,1123.66,2,morning
307,5/4/2025,1032,2008,402,2,106.54,1,evening
308,5/4/2025,1092,2049,401,1,0,3,afternoon
309,5/4/2025,1173,2057,403,2,349.58,4,morning
310,5/4/2025,1113,2097,401,1,757.89,5,evening
311,5/4/2025,1135,2046,404,2,80.23,2,afternoon
312,5/4/2025,1166,2035,402,0,899.99,1,morning
313,5/4/2025,1006,2094,402,3,1480.05,3,evening
314,5/4/2025,1132,2049,401,2,1503.74,4,afternoon
315,5/4/2025,1198,2033,404,1,2257.88,5,morning
316,5/4/2025,1156,2036,404,1,784.73,2,morning
317,5/4/2025,1031,2017,401,3,0,1,evening
318,5/4/2025,1044,2091,404,0,1811.58,3,afternoon
319,5/4/2025,1174,2040,403,0,34.54,4,morning
320,5/4/2025,1140,2069,403,2,557.74,5,evening
321,5/4/2025,1040,2091,402,2,724.63,2,afternoon
322,5/4/2025,1130,2028,401,1,574.15,1,morning
323,5/4/2025,1035,2030,404,0,339.94,3,evening
324,5/4/2025,1092,2070,403,3,102.54,4,afternoon
325,5/4/2025,1141,2016,401,0,0,5,morning
326,5/4/2025,1079,2050,404,3,186.78,2,morning
327,5/4/2025,1196,2052,401,1,2632.54,1,evening
328,5/4/2025,1081,2082,401,3,1066.4,3,afternoon
329,5/4/2025,1119,2087,403,1,0,4,morning
330,5/4/2025,1199,2070,402,1,30.76,5,evening
331,5/4/2025,1110,2064,401,0,0,2,afternoon
332,5/4/2025,1132,2019,403,1,1681.07,1,morning
333,5/4/2025,1041,2041,402,2,643.37,3,evening
334,5/4/2025,1132,2036,401,2,348.77,4,afternoon
335,5/4/2025,1050,2081,403,1,2686.39,5,morning
336,5/4/2025,1160,2038,401,1,0,2,morning
337,5/4/2025,1151,2074,402,1,1187.1,1,evening
338,5/4/2025,1168,2079,403,0,1901.08,3,afternoon
339,5/4/2025,1007,2010,401,2,62.27,4,morning
340,5/4/2025,1166,2026,404,0,0,5,evening
341,5/4/2025,1127,2080,403,2,1997.42,2,afternoon
342,5/4/2025,1123,2031,404,2,1356.72,1,morning
343,5/4/2025,1116,2009,401,1,119.36,3,evening
344,5/4/2025,1112,2053,404,3,0,4,afternoon
345,5/4/2025,1052,2043,402,2,698.76,5,morning
346,5/4/2025,1183,2040,403,3,103.62,2,morning
347,5/4/2025,1033,2097,403,0,4210.5,1,evening
348,5/4/2025,1081,2030,404,0,339.94,3,afternoon
349,5/4/2025,1068,2057,402,1,1179.85,4,morning
350,5/4/2025,1024,2006,403,3,594,5,evening
351,5/4/2025,1157,2053,402,1,1098.27,2,afternoon
352,5/4/2025,1083,2073,403,1,2247.44,1,morning
353,5/4/2025,1195,2020,404,3,1879.15,3,evening
354,5/4/2025,1127,2039,404,0,1952.88,4,afternoon
355,5/4/2025,1023,2050,404,1,0,5,morning
356,5/4/2025,1055,2074,403,0,1978.5,2,morning
357,5/4/2025,1012,2036,404,3,653.94,1,evening
358,5/4/2025,1073,2068,401,0,2460.72,3,afternoon
359,5/4/2025,1110,2017,403,2,370.96,4,morning
360,5/4/2025,1195,2051,403,0,117.32,5,evening
361,5/4/2025,1102,2006,402,2,792,2,afternoon
362,5/4/2025,1141,2036,401,3,871.92,1,morning
363,5/4/2025,1129,2057,403,0,1747.92,3,evening
364,5/4/2025,1032,2012,404,2,997.1,4,afternoon
365,5/4/2025,1086,2071,403,1,553.64,5,morning
366,5/4/2025,1050,2077,404,0,561.83,2,morning
367,5/4/2025,1011,2004,402,2,0,1,evening
368,5/4/2025,1121,2066,404,1,0,3,afternoon
369,5/4/2025,1155,2065,402,2,1128.82,4,morning
370,5/4/2025,1156,2040,402,3,138.16,5,evening
371,5/4/2025,1157,2094,403,2,1578.72,2,afternoon
372,5/4/2025,1129,2065,404,2,752.54,1,morning
373,5/4/2025,1121,2002,403,2,2771.2,3,evening
374,5/4/2025,1172,2014,404,2,197.04,4,afternoon
375,5/4/2025,1185,2088,401,3,2128.05,5,morning
376,5/4/2025,1067,2083,402,0,0,2,morning
377,5/4/2025,1149,2061,402,3,1199.52,1,evening
378,5/4/2025,1037,2087,402,0,318.64,3,afternoon
379,5/4/2025,1146,2089,401,1,744.34,4,morning
380,5/4/2025,1004,2056,403,3,2098.88,5,evening
381,5/4/2025,1038,2052,402,3,2193.78,2,afternoon
382,5/4/2025,1128,2099,404,0,3877.92,1,morning
383,5/4/2025,1180,2017,402,2,741.92,3,evening
384,5/4/2025,1169,2061,404,2,319.87,4,afternoon
385,5/4/2025,1044,2058,403,2,1066.8,5,morning
386,5/4/2025,1173,2098,403,3,3631.44,2,morning
387,5/4/2025,1049,2031,403,2,1356.72,1,evening
388,5/4/2025,1057,2038,403,1,2501.58,3,afternoon
389,5/4/2025,1176,2090,404,2,343.87,4,morning
390,5/4/2025,1122,2044,403,2,166.06,5,evening
391,5/4/2025,1031,2073,404,3,1498.29,2,afternoon
392,5/4/2025,1088,2098,402,2,726.29,1,morning
393,5/4/2025,1010,2036,401,2,348.77,3,evening
394,5/4/2025,1113,2083,403,3,3072.64,4,afternoon
395,5/4/2025,1054,2025,403,2,671.09,5,morning
396,5/4/2025,1035,2013,402,1,1683.65,2,morning
397,5/4/2025,1012,2085,402,1,217.94,1,evening
398,5/4/2025,1013,2012,404,2,1994.21,3,afternoon
399,5/4/2025,1183,2060,401,1,367.54,4,morning
400,5/4/2025,1001,2070,402,3,102.54,5,evening
401,5/4/2025,1167,2060,404,1,735.08,2,afternoon
402,5/4/2025,1193,2036,403,2,348.77,1,morning
403,5/4/2025,1165,2007,401,1,0,3,evening
404,5/4/2025,1136,2094,401,1,1776.06,4,afternoon
405,5/4/2025,1106,2022,401,3,671.18,5,morning
406,5/4/2025,1126,2023,403,0,0,2,morning
407,5/4/2025,1002,2038,401,2,1482.42,1,evening
408,5/4/2025,1072,2058,404,1,1200.15,3,afternoon
409,5/4/2025,1129,2059,403,1,1382.54,4,morning
410,5/4/2025,1028,2042,402,3,502.83,5,evening
411,5/4/2025,1165,2032,402,0,0,2,afternoon
412,5/4/2025,1188,2043,403,1,1572.21,1,morning
413,5/4/2025,1044,2078,404,3,426.03,3,evening
414,5/4/2025,1131,2041,401,3,3216.84,4,afternoon
415,5/4/2025,1171,2012,402,1,1121.74,5,morning
416,5/4/2025,1122,2041,402,0,1608.42,2,morning
417,5/4/2025,1066,2049,402,3,0,1,evening
418,5/4/2025,1192,2034,403,2,326.81,3,afternoon
419,5/4/2025,1149,2092,401,2,1157.3,4,morning
420,5/4/2025,1167,2046,402,0,133.72,5,evening
421,5/4/2025,1170,2015,404,2,0,2,afternoon
422,5/4/2025,1040,2051,403,0,469.28,1,morning
423,5/4/2025,1163,2037,403,1,0,3,evening
424,5/4/2025,1056,2017,404,1,834.66,4,afternoon
425,5/4/2025,1116,2095,403,3,490.79,5,morning
426,5/4/2025,1179,2070,404,1,61.52,2,morning
427,5/4/2025,1195,2031,401,3,1695.9,1,evening
428,5/4/2025,1135,2090,403,0,0,3,afternoon
429,5/4/2025,1144,2014,401,1,443.34,4,morning
430,5/4/2025,1146,2068,402,1,2952.86,5,evening
431,5/4/2025,1083,2066,404,0,516.06,2,afternoon
432,5/4/2025,1174,2026,404,0,423.12,1,morning
433,5/4/2025,1130,2057,401,3,1747.92,3,evening
434,5/4/2025,1033,2065,404,3,0,4,afternoon
435,5/4/2025,1144,2007,404,2,933.42,5,morning
436,5/4/2025,1185,2002,404,2,692.8,2,morning
437,5/4/2025,1000,2095,402,0,0,1,evening
438,5/4/2025,1011,2054,403,0,900.51,3,afternoon
439,5/4/2025,1138,2007,401,3,2333.56,4,morning
440,5/4/2025,1008,2036,404,1,196.18,5,evening
441,5/4/2025,1196,2017,404,2,741.92,2,afternoon
442,5/4/2025,1097,2057,404,3,436.98,1,morning
443,5/4/2025,1020,2087,402,2,637.28,3,evening
444,5/4/2025,1030,2022,404,1,604.06,4,afternoon
445,5/4/2025,1186,2028,401,0,2551.76,5,morning
446,5/4/2025,1076,2059,404,3,1536.15,2,morning
447,5/4/2025,1058,2031,404,2,0,1,evening
448,5/4/2025,1039,2035,402,0,899.99,3,afternoon
449,5/4/2025,1008,2084,404,0,845.55,4,morning
450,5/4/2025,1061,2026,401,0,423.12,5,evening
451,5/4/2025,1152,2004,404,0,2781.75,2,afternoon
452,5/4/2025,1062,2094,401,3,1973.4,1,morning
453,5/4/2025,1112,2029,402,0,13.51,3,evening
454,5/4/2025,1035,2064,403,1,0,4,afternoon
455,5/4/2025,1187,2073,403,2,399.54,5,morning
456,5/4/2025,1060,2038,402,1,3335.44,2,morning
457,5/4/2025,1105,2038,403,0,1853.02,1,evening
458,5/4/2025,1142,2075,402,3,3903.2,3,afternoon
459,5/4/2025,1142,2063,401,2,1325.9,4,morning
460,5/4/2025,1164,2085,404,2,387.44,5,evening
461,5/4/2025,1178,2053,404,1,1647.4,2,afternoon
462,5/4/2025,1076,2048,402,3,1072.89,1,morning
463,5/4/2025,1061,2028,403,1,1148.29,3,evening
464,5/4/2025,1118,2007,404,3,1750.17,4,afternoon
465,5/4/2025,1142,2067,402,3,1163.8,5,morning
466,5/4/2025,1062,2032,402,2,756.48,2,morning
467,5/4/2025,1165,2010,404,2,124.54,1,evening
468,5/4/2025,1023,2068,402,0,2460.72,3,afternoon
469,5/4/2025,1068,2048,401,0,715.26,4,morning
470,5/4/2025,1048,2097,402,3,0,5,evening
471,5/4/2025,1053,2042,403,0,167.61,2,afternoon
472,5/4/2025,1054,2024,401,3,372.81,1,morning
473,5/4/2025,1062,2089,402,3,1240.56,3,evening
474,5/4/2025,1061,2070,403,2,27.34,4,afternoon
475,5/4/2025,1097,2059,403,2,0,5,morning
476,5/4/2025,1066,2046,404,3,200.58,2,morning
477,5/4/2025,1025,2092,404,2,771.54,1,evening
478,5/4/2025,1052,2047,403,3,334.98,3,afternoon
479,5/4/2025,1011,2072,402,1,756.54,4,morning
480,5/4/2025,1004,2033,404,2,0,5,evening
481,5/4/2025,1039,2025,403,1,503.32,2,afternoon
482,5/4/2025,1097,2072,402,3,420.3,1,morning
483,5/4/2025,1140,2083,403,2,1843.58,3,evening
484,5/4/2025,1195,2062,404,3,3096.8,4,afternoon
485,5/4/2025,1043,2093,403,1,1360.69,5,morning
486,5/4/2025,1035,2092,404,1,0,2,morning
487,5/4/2025,1138,2082,401,0,533.2,1,evening
488,5/4/2025,1019,2085,401,0,484.3,3,afternoon
489,5/4/2025,1105,2017,402,0,1391.1,4,morning
490,5/4/2025,1181,2019,401,1,4202.68,5,evening
491,5/4/2025,1129,2058,403,0,1333.5,2,afternoon
492,5/4/2025,1158,2081,404,3,2984.88,1,morning
493,5/4/2025,1004,2000,404,0,2907.93,3,evening
494,5/4/2025,1004,2067,403,2,465.52,4,afternoon
495,5/4/2025,1004,2064,404,1,1323.18,5,morning
496,5/4/2025,1027,2012,402,1,1121.74,2,morning
497,5/4/2025,1049,2079,403,2,3802.16,1,evening
498,5/4/2025,1068,2050,401,2,0,3,afternoon
499,5/4/2025,1103,2058,402,1,600.08,4,morning
500,5/4/2025,1076,2087,401,0,159.32,5,evening
501,5/4/2025,1023,2051,404,3,351.96,2,afternoon
502,5/4/2025,1141,2060,401,0,408.38,1,morning
503,5/4/2025,1179,2021,401,3,835.41,3,evening
504,5/4/2025,1111,2082,403,0,0,4,afternoon
505,5/4/2025,1135,2005,402,1,1157.71,5,morning
506,5/4/2025,1177,2072,404,2,1008.72,2,morning
507,5/4/2025,1011,2009,403,0,0,1,evening
508,5/4/2025,1045,2040,401,1,31.09,3,afternoon
509,5/4/2025,1150,2018,404,0,1084.52,4,morning
510,5/4/2025,1076,2020,402,3,2254.98,5,evening
511,5/4/2025,1173,2069,403,3,232.39,2,afternoon
512,5/4/2025,1193,2094,402,0,1480.05,1,morning
513,5/4/2025,1128,2095,403,0,0,3,morning
514,5/4/2025,1025,2055,402,0,107.88,4,evening
515,5/4/2025,1087,2077,404,2,449.46,5,afternoon
516,5/4/2025,1007,2081,403,3,746.22,2,morning
517,5/4/2025,1125,2029,403,3,40.53,1,evening
518,5/4/2025,1110,2023,404,0,1879.08,3,afternoon
519,5/4/2025,1197,2079,403,1,855.49,4,morning
520,5/4/2025,1182,2009,401,2,53.05,5,morning
521,5/4/2025,1039,2048,402,3,357.63,2,evening
522,5/4/2025,1081,2046,401,0,33.43,1,afternoon
523,5/4/2025,1001,2039,404,2,2343.46,3,morning
524,5/4/2025,1194,2034,401,1,245.11,4,evening
525,5/4/2025,1022,2023,404,3,5637.24,5,afternoon
526,5/4/2025,1142,2071,404,0,615.16,2,morning
527,5/4/2025,1006,2011,403,0,1229.22,1,evening
528,5/4/2025,1152,2076,403,3,2418.21,3,afternoon
529,5/4/2025,1003,2037,404,3,1440.56,4,morning
530,5/4/2025,1199,2010,402,1,210.17,5,morning
531,5/4/2025,1175,2048,402,1,965.6,2,evening
532,5/4/2025,1068,2038,403,3,0,1,afternoon
533,5/4/2025,1037,2008,402,3,266.36,3,morning
534,5/4/2025,1070,2053,403,3,1830.45,4,evening
535,5/4/2025,1005,2009,403,2,53.05,5,afternoon
536,5/4/2025,1063,2092,404,1,867.98,2,morning
537,5/4/2025,1117,2013,402,2,2244.86,1,evening
538,5/4/2025,1001,2050,403,3,0,3,afternoon
539,5/4/2025,1084,2056,403,3,1574.16,4,morning
540,5/4/2025,1166,2076,402,2,0,5,morning
541,5/4/2025,1082,2077,402,3,0,2,evening
542,5/4/2025,1080,2022,404,2,1073.89,1,afternoon
543,5/4/2025,1074,2094,404,1,444.02,3,morning
544,5/4/2025,1083,2048,403,3,0,4,evening
545,5/4/2025,1093,2014,402,1,221.67,5,afternoon
546,5/4/2025,1174,2098,401,3,2723.58,2,morning
547,5/4/2025,1181,2026,404,2,507.74,1,evening
548,5/4/2025,1177,2008,404,3,332.95,3,afternoon
549,5/4/2025,1035,2081,403,1,1343.2,4,morning
550,5/4/2025,1064,2084,402,3,845.55,5,morning
551,5/4/2025,1096,2009,404,3,198.93,2,evening
552,5/4/2025,1149,2051,404,0,0,1,afternoon
553,5/4/2025,1092,2089,401,0,827.04,3,morning
554,5/4/2025,1196,2031,403,1,1526.31,4,evening
555,5/4/2025,1165,2078,401,3,142.01,5,afternoon
556,5/4/2025,1192,2042,404,0,1005.66,2,morning
557,5/4/2025,1002,2012,403,1,560.87,1,evening
558,5/4/2025,1130,2095,402,3,1963.16,3,afternoon
559,5/4/2025,1095,2050,404,1,168.1,4,morning
560,5/4/2025,1088,2003,404,0,385.18,5,morning
561,5/4/2025,1075,2053,401,0,1830.45,2,evening
562,5/4/2025,1186,2018,403,2,1301.42,1,afternoon
563,5/4/2025,1087,2058,402,3,2667,3,morning
564,5/4/2025,1089,2060,401,3,408.38,4,evening
565,5/4/2025,1184,2089,404,2,1984.9,5,afternoon
566,5/4/2025,1017,2038,401,0,0,2,morning
567,5/4/2025,1005,2043,401,1,786.1,1,evening
568,5/4/2025,1189,2031,402,1,2035.08,3,afternoon
569,5/4/2025,1084,2071,404,3,0,4,morning
570,5/4/2025,1059,2051,402,1,527.94,5,morning
571,5/4/2025,1163,2084,404,3,845.55,2,evening
572,5/4/2025,1007,2094,402,3,493.35,1,afternoon
573,5/4/2025,1151,2054,404,0,0,3,morning
574,5/4/2025,1180,2027,402,2,0,4,evening
575,5/4/2025,1192,2090,401,0,286.56,5,afternoon
576,5/4/2025,1137,2023,403,2,1503.26,2,morning
577,5/4/2025,1050,2058,401,2,1066.8,1,evening
578,5/4/2025,1171,2062,403,3,619.36,3,afternoon
579,5/4/2025,1156,2050,401,2,0,4,morning
580,5/4/2025,1090,2058,402,2,1066.8,5,morning
581,5/4/2025,1157,2075,401,1,702.58,2,evening
582,5/4/2025,1080,2015,402,2,1619.93,1,afternoon
583,5/4/2025,1029,2023,403,1,0,3,morning
584,5/4/2025,1130,2049,404,1,845.86,4,evening
585,5/4/2025,1147,2049,404,1,845.86,5,afternoon
586,5/4/2025,1124,2081,402,1,2686.39,2,morning
587,5/4/2025,1125,2036,402,1,588.55,1,evening
588,5/4/2025,1080,2057,401,2,699.17,3,afternoon
589,5/4/2025,1002,2062,402,1,1114.85,4,morning
590,5/4/2025,1098,2071,404,3,1845.48,5,morning
591,5/4/2025,1175,2062,404,3,1858.08,2,evening
592,5/4/2025,1125,2021,401,0,1670.82,1,afternoon
593,5/4/2025,1194,2028,403,0,637.94,3,morning
594,5/4/2025,1070,2028,403,1,0,4,evening
595,5/4/2025,1199,2058,404,0,2667,5,afternoon
596,5/4/2025,1146,2014,403,2,0,2,morning
597,5/4/2025,1138,2096,401,3,2688.72,1,evening
598,5/4/2025,1139,2027,404,0,258.61,3,afternoon
599,5/4/2025,1188,2083,402,2,1229.06,4,morning
600,5/4/2025,1008,2057,403,2,699.17,5,morning
601,5/4/2025,1022,2056,401,1,2361.24,2,evening
602,5/4/2025,1053,2094,403,3,493.35,1,afternoon
603,5/4/2025,1042,2078,402,1,127.81,3,morning
604,5/4/2025,1052,2007,403,2,2333.56,4,evening
605,5/4/2025,1152,2068,402,2,656.19,5,afternoon
606,5/4/2025,1180,2037,403,2,288.11,2,morning
607,5/4/2025,1131,2086,401,1,2414.07,1,evening
608,5/4/2025,1192,2052,401,2,0,3,afternoon
609,5/4/2025,1167,2016,402,1,290.72,4,morning
610,5/4/2025,1037,2091,403,1,0,5,morning
611,5/4/2025,1194,2086,404,3,0,2,evening
612,5/4/2025,1036,2073,403,3,1997.72,1,afternoon
613,5/4/2025,1096,2057,401,0,1310.94,3,morning
614,5/4/2025,1103,2065,403,2,376.27,4,evening
615,5/4/2025,1116,2062,403,0,1238.72,5,afternoon
616,5/4/2025,1198,2093,401,3,0,2,morning
617,5/4/2025,1162,2085,403,0,0,1,evening
618,5/4/2025,1136,2050,402,3,933.9,3,afternoon
619,5/4/2025,1054,2063,403,2,441.97,4,morning
620,5/4/2025,1072,2043,402,3,4367.25,5,morning
621,5/4/2025,1087,2087,401,0,637.28,2,evening
622,5/4/2025,1025,2080,404,0,3329.04,1,afternoon
623,5/4/2025,1031,2020,404,3,1127.49,3,morning
624,5/4/2025,1000,2054,402,1,1620.92,4,evening
625,5/4/2025,1166,2038,402,2,2223.62,5,afternoon
626,5/4/2025,1023,2083,403,2,1229.06,2,morning
627,5/4/2025,1021,2047,402,0,1674.9,1,evening
628,5/4/2025,1101,2080,403,1,3745.17,3,afternoon
629,5/4/2025,1109,2083,401,0,768.16,4,morning
630,5/4/2025,1000,2027,404,0,517.22,5,morning
631,5/4/2025,1033,2075,402,3,780.64,2,evening
632,5/4/2025,1002,2001,403,0,824.7,1,afternoon
633,5/4/2025,1108,2088,402,3,3546.75,3,morning
634,5/4/2025,1018,2029,404,0,27.02,4,evening
635,5/4/2025,1187,2013,401,2,2993.15,5,afternoon
636,5/4/2025,1094,2038,402,3,926.51,2,morning
637,5/4/2025,1198,2096,402,1,1814.89,1,evening
638,5/4/2025,1017,2067,401,1,523.71,3,afternoon
639,5/4/2025,1112,2044,402,1,560.47,4,morning
640,5/4/2025,1105,2078,404,1,383.43,5,morning
641,5/4/2025,1022,2012,402,0,623.19,2,evening
642,5/4/2025,1150,2093,404,2,1814.26,1,afternoon
643,5/4/2025,1109,2040,402,1,31.09,3,morning
644,5/4/2025,1070,2082,401,1,719.82,4,evening
645,5/4/2025,1141,2076,403,0,3224.28,5,afternoon
646,5/4/2025,1168,2038,402,1,1667.72,2,morning
647,5/4/2025,1191,2050,403,0,560.34,1,evening
648,5/4/2025,1005,2030,404,3,679.88,3,afternoon
649,5/4/2025,1028,2030,404,0,509.91,4,morning
650,5/4/2025,1135,2001,403,2,989.64,5,morning
651,5/4/2025,1033,2049,404,2,751.87,2,evening
652,5/4/2025,1139,2087,402,3,0,1,afternoon
653,5/4/2025,1197,2009,401,0,265.24,3,morning
654,5/4/2025,1003,2033,402,0,836.25,4,evening
655,5/4/2025,1015,2050,403,3,560.34,5,afternoon
656,5/4/2025,1108,2089,404,0,413.52,2,morning
657,5/4/2025,1163,2068,402,2,3280.96,1,evening
658,5/4/2025,1021,2039,401,1,878.8,3,afternoon
659,5/4/2025,1039,2068,403,3,2460.72,4,morning
660,5/4/2025,1150,2081,401,2,1193.95,5,morning
661,5/4/2025,1178,2055,402,0,53.94,2,evening
662,5/4/2025,1062,2011,404,0,0,1,afternoon
663,5/4/2025,1116,2078,401,2,0,3,morning
664,5/4/2025,1170,2094,402,0,986.7,4,evening
665,5/4/2025,1003,2090,402,0,143.28,5,afternoon
666,5/4/2025,1041,2063,403,2,1325.9,2,morning
667,5/4/2025,1042,2047,402,2,803.95,1,evening
668,5/4/2025,1187,2015,401,2,0,3,afternoon
669,5/4/2025,1109,2034,401,2,326.81,4,morning
670,5/4/2025,1182,2073,401,3,499.43,5,morning
671,5/4/2025,1116,2065,403,0,470.34,2,evening
672,5/4/2025,1127,2072,402,2,1008.72,1,afternoon
673,5/4/2025,1040,2032,401,0,0,3,morning
674,5/4/2025,1058,2094,401,0,493.35,4,evening
675,5/4/2025,1003,2031,401,3,1695.9,5,afternoon
676,5/4/2025,1093,2049,402,1,1691.71,2,morning
677,5/4/2025,1009,2070,404,1,30.76,1,evening
678,5/4/2025,1082,2031,404,2,452.24,3,afternoon
679,5/4/2025,1069,2009,403,0,0,4,morning
680,5/4/2025,1128,2086,401,1,804.69,5,morning
681,5/4/2025,1057,2066,401,3,1548.18,2,evening
682,5/4/2025,1017,2059,403,2,409.64,1,afternoon
683,5/4/2025,1083,2011,404,0,1638.96,3,morning
684,5/4/2025,1094,2025,403,2,223.7,4,evening
685,5/4/2025,1189,2079,402,3,3802.16,5,afternoon
686,5/4/2025,1094,2075,404,1,702.58,2,morning
687,5/4/2025,1187,2069,402,1,627.45,1,evening
688,5/4/2025,1001,2052,401,1,0,3,afternoon
689,5/4/2025,1138,2044,401,2,166.06,4,morning
690,5/4/2025,1000,2097,404,2,1347.36,5,morning
691,5/4/2025,1026,2026,402,3,211.56,2,evening
692,5/4/2025,1125,2007,402,2,933.42,1,afternoon
693,5/4/2025,1023,2005,402,3,1286.34,3,morning
694,5/4/2025,1179,2047,404,0,669.96,4,evening
695,5/4/2025,1148,2012,402,3,3115.95,5,afternoon
696,5/4/2025,1019,2075,401,3,2341.92,2,morning
697,5/4/2025,1169,2016,402,2,775.25,1,evening
698,5/4/2025,1066,2040,404,2,55.26,3,afternoon
699,5/4/2025,1081,2057,403,1,393.28,4,morning
700,5/4/2025,1019,2025,402,0,559.24,5,morning
701,5/4/2025,1039,2013,402,3,4676.8,2,evening
702,5/4/2025,1119,2040,404,0,69.08,1,afternoon
703,5/4/2025,1137,2045,402,3,0,3,morning
704,5/4/2025,1078,2059,403,0,1536.15,4,evening
705,5/4/2025,1023,2020,403,0,0,5,afternoon
706,5/4/2025,1055,2041,402,0,4021.05,2,morning
707,5/4/2025,1182,2031,403,3,1695.9,1,evening
708,5/4/2025,1131,2006,403,2,475.2,3,afternoon
709,5/4/2025,1044,2003,404,3,1155.54,4,morning
710,5/4/2025,1142,2095,402,0,2453.95,5,morning
711,5/4/2025,1118,2013,402,0,1870.72,2,evening
712,5/4/2025,1003,2007,402,1,1050.1,1,afternoon
713,5/4/2025,1050,2051,403,0,117.32,3,morning
714,5/4/2025,1149,2075,403,0,780.64,4,evening
715,5/4/2025,1005,2008,402,3,466.13,5,afternoon
716,5/4/2025,1032,2011,403,0,409.74,2,morning
717,5/4/2025,1010,2059,401,1,921.69,1,evening
718,5/4/2025,1146,2055,404,3,0,3,afternoon
719,5/4/2025,1007,2048,404,1,1287.47,4,morning
720,5/4/2025,1090,2027,402,2,413.78,5,morning
721,5/4/2025,1071,2057,402,0,1310.94,2,evening
722,5/4/2025,1157,2079,402,2,2281.3,1,afternoon
723,5/4/2025,1127,2052,404,0,2193.78,3,morning
724,5/4/2025,1022,2035,404,1,1619.98,4,evening
725,5/4/2025,1107,2025,402,0,279.62,5,afternoon
726,5/4/2025,1097,2091,403,3,2717.37,2,morning
727,5/4/2025,1139,2062,403,2,1486.46,1,evening
728,5/4/2025,1099,2034,402,0,408.51,3,afternoon
729,5/4/2025,1081,2076,402,0,2418.21,4,morning
730,5/4/2025,1199,2035,401,3,2699.97,5,morning
731,5/4/2025,1135,2045,402,1,842.78,2,evening
732,5/4/2025,1025,2031,402,2,904.48,1,afternoon
733,5/4/2025,1136,2094,401,1,0,3,morning
734,5/4/2025,1147,2049,403,1,3383.42,4,evening
735,5/4/2025,1045,2030,403,2,407.93,5,afternoon
736,5/4/2025,1151,2003,403,1,693.32,2,morning
737,5/4/2025,1144,2024,404,2,298.25,1,evening
738,5/4/2025,1044,2062,401,0,1238.72,3,afternoon
739,5/4/2025,1014,2029,402,0,13.51,4,morning
740,5/4/2025,1134,2061,401,2,639.74,5,morning
741,5/4/2025,1157,2025,402,2,671.09,2,evening
742,5/4/2025,1183,2022,403,0,2684.72,1,afternoon
743,5/4/2025,1005,2018,402,0,542.26,3,morning
744,5/4/2025,1134,2046,401,2,53.49,4,evening
745,5/4/2025,1180,2084,404,0,281.85,5,afternoon
746,5/4/2025,1086,2038,403,1,1667.72,2,morning
747,5/4/2025,1040,2093,404,3,755.94,1,evening
748,5/4/2025,1166,2040,402,2,27.63,3,afternoon
749,5/4/2025,1057,2085,402,3,1452.9,4,morning
750,5/4/2025,1078,2093,403,1,0,5,morning
751,5/4/2025,1045,2093,401,3,2267.82,2,evening
752,5/4/2025,1197,2072,401,1,1513.08,1,afternoon
753,5/4/2025,1154,2040,402,0,69.08,3,morning
754,5/4/2025,1127,2018,403,0,0,4,evening
755,5/4/2025,1060,2044,403,1,934.11,5,afternoon
756,5/4/2025,1162,2011,403,3,1229.22,2,morning
757,5/4/2025,1002,2033,402,1,3010.5,1,evening
758,5/4/2025,1177,2008,403,2,159.82,3,afternoon
759,5/4/2025,1027,2092,401,0,482.21,4,morning
760,5/4/2025,1098,2056,404,1,944.5,5,morning
761,5/4/2025,1105,2063,404,2,2209.84,2,evening
762,5/4/2025,1139,2048,401,3,357.63,1,afternoon
763,5/4/2025,1147,2083,402,1,691.34,3,morning
764,5/4/2025,1115,2009,401,2,53.05,4,evening
765,5/4/2025,1005,2040,403,0,103.62,5,afternoon
766,5/4/2025,1018,2043,402,3,2620.35,2,morning
767,5/4/2025,1041,2093,401,0,755.94,1,evening
768,5/4/2025,1086,2076,404,0,0,3,afternoon
769,5/4/2025,1110,2083,402,3,768.16,4,morning
770,5/4/2025,1040,2006,401,2,0,5,morning
771,5/4/2025,1052,2024,404,2,298.25,2,evening
772,5/4/2025,1169,2036,403,1,392.36,1,afternoon
773,5/4/2025,1024,2006,404,3,0,3,morning
774,5/4/2025,1039,2006,403,0,198,4,morning
775,5/4/2025,1109,2011,403,3,1638.96,5,morning
776,5/4/2025,1051,2012,401,1,1121.74,2,evening
777,5/4/2025,1043,2081,403,0,746.22,1,afternoon
778,5/4/2025,1121,2014,403,3,985.2,3,morning
779,5/4/2025,1120,2062,403,0,2477.44,4,evening
780,5/4/2025,1164,2069,404,1,0,5,afternoon
781,5/4/2025,1094,2048,403,1,321.87,2,morning
782,5/4/2025,1114,2005,403,3,428.78,1,morning
783,5/4/2025,1119,2033,402,2,1338,3,evening
784,5/4/2025,1144,2007,402,0,1166.78,4,afternoon
785,5/4/2025,1021,2085,403,3,0,5,morning
786,5/4/2025,1193,2075,402,0,1561.28,2,evening
787,5/4/2025,1099,2066,404,3,0,1,afternoon
788,5/4/2025,1146,2030,404,2,543.9,3,morning
789,5/4/2025,1020,2050,401,1,168.1,4,evening
790,5/4/2025,1030,2096,404,1,3024.81,5,afternoon
791,5/4/2025,1042,2027,402,1,232.75,2,morning
792,5/4/2025,1010,2054,401,3,900.51,1,morning
793,5/4/2025,1051,2080,402,2,0,3,evening
794,5/4/2025,1081,2093,401,0,755.94,4,afternoon
795,5/4/2025,1099,2071,404,2,984.26,5,morning
796,5/4/2025,1070,2066,404,0,0,2,evening
797,5/4/2025,1179,2079,404,0,2851.62,1,afternoon
798,5/4/2025,1106,2019,402,0,3735.72,3,morning
799,5/4/2025,1027,2072,401,2,672.48,4,evening
800,5/4/2025,1137,2044,404,2,830.32,5,afternoon
801,5/4/2025,1098,2083,404,3,2304.48,2,morning
802,5/4/2025,1009,2022,403,3,2684.72,1,morning
803,5/4/2025,1036,2079,404,0,950.54,3,evening
804,5/4/2025,1101,2042,402,0,335.22,4,afternoon
805,5/4/2025,1190,2060,403,2,0,5,morning
806,5/4/2025,1005,2043,403,2,2096.28,2,evening
807,5/4/2025,1071,2062,401,1,557.42,1,afternoon
808,5/4/2025,1034,2038,404,2,2223.62,3,morning
809,5/4/2025,1068,2093,404,0,2267.82,4,evening
810,5/4/2025,1048,2056,402,3,524.72,5,afternoon
811,5/4/2025,1189,2062,403,0,1858.08,2,morning
812,5/4/2025,1131,2020,401,2,0,1,morning
813,5/4/2025,1181,2064,404,1,264.64,3,evening
814,5/4/2025,1199,2067,401,1,0,4,afternoon
815,5/4/2025,1049,2025,401,1,503.32,5,morning
816,5/4/2025,1008,2058,401,2,533.4,2,evening
817,5/4/2025,1180,2025,403,2,894.78,1,afternoon
818,5/4/2025,1118,2064,404,0,882.12,3,morning
819,5/4/2025,1174,2003,402,2,308.14,4,evening
820,5/4/2025,1125,2076,404,1,725.46,5,afternoon
821,5/4/2025,1121,2075,403,2,2498.05,2,morning
822,5/4/2025,1041,2033,401,2,669,1,morning
823,5/4/2025,1007,2049,401,1,845.86,3,evening
824,5/4/2025,1146,2099,402,1,581.69,4,afternoon
825,5/4/2025,1165,2028,402,2,1531.06,5,morning
826,5/4/2025,1166,2052,401,0,731.26,2,evening
827,5/4/2025,1121,2016,402,0,646.04,1,afternoon
828,5/4/2025,1057,2032,403,2,3782.4,3,morning
829,5/4/2025,1108,2048,403,3,357.63,4,evening
830,5/4/2025,1064,2027,404,2,413.78,5,afternoon
831,5/4/2025,1173,2066,404,0,2580.3,2,morning
832,5/4/2025,1001,2065,403,2,376.27,1,morning
833,5/4/2025,1076,2087,401,3,796.6,3,evening
834,5/4/2025,1016,2043,403,2,2795.04,4,afternoon
835,5/4/2025,1070,2033,403,1,752.62,5,morning
836,5/4/2025,1038,2066,402,0,1032.12,2,evening
837,5/4/2025,1153,2051,403,1,316.76,1,afternoon
838,5/4/2025,1184,2003,404,2,1848.86,3,morning
839,5/4/2025,1066,2053,404,3,0,4,evening
840,5/4/2025,1188,2004,402,2,2967.2,5,afternoon
841,5/4/2025,1185,2091,402,3,3623.16,2,morning
842,5/4/2025,1171,2045,403,1,280.93,1,morning
843,5/4/2025,1168,2071,402,2,1968.51,3,evening
844,5/4/2025,1024,2060,402,2,326.7,4,afternoon
845,5/4/2025,1185,2071,402,2,984.26,5,morning
846,5/4/2025,1167,2011,402,2,327.79,2,evening
847,5/4/2025,1057,2095,403,3,2453.95,1,afternoon
848,5/4/2025,1084,2047,403,2,803.95,3,morning
849,5/4/2025,1118,2015,404,0,4049.82,4,evening
850,5/4/2025,1162,2074,401,3,659.5,5,afternoon
851,5/4/2025,1049,2064,401,3,882.12,2,morning
852,5/4/2025,1135,2038,404,0,926.51,1,morning
853,5/4/2025,1038,2017,402,2,741.92,3,evening
854,5/4/2025,1104,2072,404,1,1134.81,4,afternoon
855,5/4/2025,1080,2091,402,0,2717.37,5,morning
856,5/4/2025,1124,2042,402,2,0,2,evening
857,5/4/2025,1162,2007,401,3,583.39,1,afternoon
858,5/4/2025,1070,2026,402,1,190.4,3,morning
859,5/4/2025,1125,2097,401,1,3031.56,4,evening
860,5/4/2025,1157,2055,404,3,53.94,5,afternoon
861,5/4/2025,1109,2061,404,0,799.68,2,morning
862,5/4/2025,1009,2068,402,2,0,1,morning
863,5/4/2025,1003,2041,402,0,2412.63,3,evening
864,5/4/2025,1173,2000,402,1,872.38,4,afternoon
865,5/4/2025,1177,2044,403,1,373.64,5,morning
866,5/4/2025,1026,2049,403,1,3383.42,2,evening
867,5/4/2025,1016,2005,403,2,686.05,1,afternoon
868,5/4/2025,1116,2093,403,3,755.94,3,morning
869,5/4/2025,1175,2017,403,3,463.7,4,evening
870,5/4/2025,1091,2096,402,1,1209.92,5,afternoon
871,5/4/2025,1103,2002,402,1,779.4,2,morning
872,5/4/2025,1186,2016,402,0,646.04,1,morning
873,5/4/2025,1150,2064,402,0,294.04,3,evening
874,5/4/2025,1093,2091,401,3,2717.37,4,afternoon
875,5/4/2025,1163,2032,401,0,0,5,morning
876,5/4/2025,1169,2013,401,0,935.36,2,evening
877,5/4/2025,1176,2014,404,3,1231.5,1,afternoon
878,5/4/2025,1097,2015,403,3,2699.88,3,morning
879,5/4/2025,1179,2019,402,0,1867.86,4,evening
880,5/4/2025,1077,2053,401,2,976.24,5,afternoon
881,5/4/2025,1159,2077,402,3,561.83,2,morning
882,5/4/2025,1026,2065,401,2,1881.36,1,morning
883,5/4/2025,1029,2013,404,1,0,3,evening
884,5/4/2025,1155,2025,403,1,503.32,4,afternoon
885,5/4/2025,1091,2090,404,2,171.94,5,morning
886,5/4/2025,1041,2005,404,1,385.9,2,evening
887,5/4/2025,1176,2061,403,1,359.86,1,afternoon
888,5/4/2025,1000,2001,401,0,1649.4,3,morning
889,5/4/2025,1146,2085,404,1,653.81,4,evening
890,5/4/2025,1023,2099,401,0,1292.64,5,afternoon
891,5/4/2025,1065,2082,402,3,266.6,2,morning
892,5/4/2025,1075,2033,404,0,2508.75,1,morning
893,5/4/2025,1025,2022,401,2,1073.89,3,evening
894,5/4/2025,1092,2086,403,3,894.1,4,afternoon
895,5/4/2025,1189,2014,401,0,0,5,morning
896,5/4/2025,1002,2017,402,2,0,2,evening
897,5/4/2025,1091,2056,403,0,1049.44,1,afternoon
898,5/4/2025,1095,2043,402,0,0,3,morning
899,5/4/2025,1102,2051,404,2,93.86,4,evening
900,5/4/2025,1098,2088,404,3,0,5,afternoon
901,5/4/2025,1166,2021,401,1,0,2,morning
902,5/4/2025,1178,2092,401,1,867.98,1,morning
903,5/4/2025,1026,2053,404,3,1830.45,3,evening
904,5/4/2025,1046,2078,404,2,454.43,4,afternoon
905,5/4/2025,1156,2003,402,3,1925.9,5,morning
906,5/4/2025,1124,2014,404,3,0,2,evening
907,5/4/2025,1011,2008,403,2,106.54,1,afternoon
908,5/4/2025,1003,2090,402,2,57.31,3,morning
909,5/4/2025,1132,2066,401,3,1548.18,4,evening
910,5/4/2025,1169,2093,402,3,755.94,5,afternoon
911,5/4/2025,1088,2084,404,1,0,2,morning
912,5/4/2025,1142,2078,401,0,568.04,1,morning
913,5/4/2025,1164,2020,404,3,1879.15,3,evening
914,5/4/2025,1042,2009,404,2,53.05,4,afternoon
915,5/4/2025,1061,2042,403,0,167.61,5,morning
916,5/4/2025,1129,2028,404,3,2551.76,2,evening
917,5/4/2025,1060,2010,404,3,544.88,1,afternoon
918,5/4/2025,1146,2057,401,3,436.98,3,morning
919,5/4/2025,1114,2040,401,3,34.54,4,evening
920,5/4/2025,1190,2083,401,0,2304.48,5,afternoon
921,5/4/2025,1103,2052,401,0,2193.78,2,morning
922,5/4/2025,1023,2077,403,1,505.65,1,morning
923,5/4/2025,1167,2085,404,2,387.44,3,evening
924,5/4/2025,1093,2006,402,3,594,4,afternoon
925,5/4/2025,1084,2071,404,2,492.13,5,morning
926,5/4/2025,1183,2057,401,0,873.96,2,evening
927,5/4/2025,1194,2084,402,0,563.7,1,afternoon
928,5/4/2025,1087,2045,403,2,499.42,3,morning
929,5/4/2025,1179,2013,401,1,1683.65,4,evening
930,5/4/2025,1126,2017,404,0,927.4,5,afternoon
931,5/4/2025,1065,2078,402,1,127.81,2,morning
932,5/4/2025,1030,2050,402,3,186.78,1,morning
933,5/4/2025,1005,2024,403,0,621.35,3,evening
934,5/4/2025,1193,2053,401,0,1830.45,4,afternoon
935,5/4/2025,1197,2057,404,1,1179.85,5,morning
936,5/4/2025,1127,2000,401,3,969.31,2,evening
937,5/4/2025,1149,2061,402,1,359.86,1,afternoon
938,5/4/2025,1187,2016,401,3,2584.16,3,morning
939,5/4/2025,1168,2076,403,3,2418.21,4,evening
940,5/4/2025,1107,2077,402,2,898.93,5,afternoon
941,5/4/2025,1101,2043,403,3,3493.8,2,morning
942,5/4/2025,1034,2017,404,2,0,1,morning
943,5/4/2025,1179,2070,403,1,61.52,3,evening
944,5/4/2025,1051,2026,403,2,338.5,4,afternoon
945,5/4/2025,1172,2016,402,2,516.83,5,morning
946,5/4/2025,1181,2014,403,3,246.3,2,evening
947,5/4/2025,1149,2073,404,2,799.09,1,afternoon
948,5/4/2025,1108,2001,401,0,412.35,3,morning
949,5/4/2025,1097,2018,401,0,1084.52,4,evening
950,5/4/2025,1051,2034,402,2,217.87,5,afternoon
951,5/4/2025,1174,2032,402,0,4728,2,morning
952,5/4/2025,1176,2037,402,0,720.28,1,morning
953,5/4/2025,1091,2057,401,1,786.56,3,evening
954,5/4/2025,1190,2082,404,1,239.94,4,afternoon
955,5/4/2025,1130,2089,403,0,413.52,5,morning
956,5/4/2025,1097,2049,404,2,0,2,evening
957,5/4/2025,1141,2006,401,2,0,1,afternoon
958,5/4/2025,1051,2079,404,1,1710.97,3,morning
959,5/4/2025,1162,2090,403,1,257.9,4,evening
960,5/4/2025,1198,2092,402,2,771.54,5,afternoon
961,5/4/2025,1114,2022,401,1,3020.31,2,morning
962,5/4/2025,1044,2094,401,3,493.35,1,morning
963,5/4/2025,1010,2054,403,2,720.41,3,evening
964,5/4/2025,1033,2020,403,0,751.66,4,afternoon
965,5/4/2025,1084,2059,402,0,0,5,morning
966,5/4/2025,1039,2041,401,2,0,2,evening
967,5/4/2025,1125,2073,403,0,1997.72,1,afternoon
968,5/4/2025,1005,2090,403,1,193.43,3,morning
969,5/4/2025,1047,2066,401,1,464.45,4,evening
970,5/4/2025,1106,2069,404,0,464.78,5,afternoon
971,5/4/2025,1089,2028,402,2,0,2,morning
972,5/4/2025,1084,2046,403,1,0,1,morning
973,5/4/2025,1192,2079,404,0,950.54,3,evening
974,5/4/2025,1029,2085,403,3,726.45,4,afternoon
975,5/4/2025,1061,2082,402,0,533.2,5,morning
976,5/4/2025,1174,2041,404,0,804.21,2,evening
977,5/4/2025,1098,2032,403,0,0,1,afternoon
978,5/4/2025,1132,2098,403,3,3631.44,3,morning
979,5/4/2025,1124,2005,403,1,1157.71,4,evening
980,5/4/2025,1082,2065,401,0,1411.02,5,afternoon
981,5/4/2025,1042,2098,401,0,4539.3,2,morning
982,5/4/2025,1053,2085,402,3,726.45,1,morning
983,5/4/2025,1026,2026,404,0,423.12,3,evening
984,5/4/2025,1191,2087,402,0,477.96,4,afternoon
985,5/4/2025,1117,2091,403,0,1811.58,5,morning
986,5/4/2025,1022,2009,401,1,119.36,2,evening
987,5/4/2025,1064,2071,401,1,1107.29,1,afternoon
988,5/4/2025,1066,2052,404,3,5118.82,3,morning
989,5/4/2025,1161,2051,404,2,375.42,4,evening
990,5/4/2025,1004,2049,401,0,939.84,5,afternoon
991,5/4/2025,1164,2092,401,0,2893.26,2,morning
992,5/4/2025,1179,2009,403,0,66.31,1,morning
993,5/4/2025,1074,2087,403,0,477.96,3,evening
994,5/4/2025,1072,2097,404,3,842.1,4,afternoon
995,5/4/2025,1101,2084,401,3,1127.4,5,morning
996,5/4/2025,1040,2068,402,1,2952.86,2,evening
997,5/4/2025,1191,2050,403,1,504.31,1,afternoon
998,5/4/2025,1076,2086,403,0,2682.3,3,morning
999,5/4/2025,1141,2071,402,0,1230.32,4,evening
1000,5/4/2025,1010,2000,404,0,3877.24,5,afternoon
1001,5/4/2025,1078,2026,403,1,761.62,2,morning
1002,5/4/2025,1105,2082,402,1,239.94,1,morning
1003,5/4/2025,1047,2028,403,1,1148.29,3,evening
1004,5/4/2025,1029,2023,401,3,2818.62,4,afternoon
1005,5/4/2025,1165,2070,401,2,54.69,5,morning
1006,5/4/2025,1171,2008,403,0,133.18,3,evening
1007,5/4/2025,1050,2092,404,2,771.54,1,afternoon
1008,5/4/2025,1091,2016,402,0,1292.08,5,morning
1009,5/4/2025,1072,2079,401,1,855.49,2,evening
1010,5/4/2025,1081,2062,404,2,495.49,4,afternoon
1011,5/4/2025,1157,2084,403,1,253.67,1,morning
1012,5/4/2025,1144,2072,403,2,672.48,3,morning
1013,5/4/2025,1109,2021,401,2,668.33,2,evening
1014,5/4/2025,1063,2028,404,2,510.35,5,afternoon
1015,5/4/2025,1092,2017,403,3,1854.8,4,morning
1016,5/4/2025,1118,2057,403,2,699.17,2,evening
1017,5/4/2025,1124,2070,401,1,30.76,1,afternoon
1018,5/4/2025,1165,2077,401,2,449.46,3,morning
1019,5/4/2025,1035,2068,402,2,1968.58,5,evening
1020,5/4/2025,1187,2080,401,0,0,4,afternoon
1021,5/4/2025,1004,2064,401,3,882.12,2,morning
1022,5/4/2025,1196,2075,402,0,2341.92,1,morning
1023,5/4/2025,1141,2033,404,1,0,3,evening
1024,5/4/2025,1093,2050,402,2,448.27,4,afternoon
1025,5/4/2025,1034,2059,401,3,1536.15,5,morning
1026,5/4/2025,1093,2064,401,1,793.91,2,evening
1027,5/4/2025,1157,2087,402,1,286.78,1,afternoon
1028,5/4/2025,1114,2020,402,1,676.49,3,morning
1029,5/4/2025,1188,2093,404,2,1814.26,4,evening
1030,5/4/2025,1010,2028,404,1,1148.29,5,afternoon
1031,5/4/2025,1016,2033,403,1,2257.88,2,morning
1032,5/4/2025,1010,2085,402,2,387.44,1,morning
1033,5/4/2025,1099,2060,404,0,0,3,morning
1034,5/4/2025,1010,2083,403,0,768.16,4,evening
1035,5/4/2025,1180,2066,403,2,1238.54,5,afternoon
1036,5/4/2025,1148,2069,402,3,697.17,2,morning
1037,5/4/2025,1167,2048,403,0,1072.89,1,evening
1038,5/4/2025,1132,2032,404,1,851.04,3,afternoon
1039,5/4/2025,1132,2051,403,2,187.71,4,morning
1040,5/4/2025,1124,2061,401,1,0,5,morning
1041,5/4/2025,1112,2021,402,0,835.41,2,evening
1042,5/4/2025,1131,2082,403,1,239.94,1,afternoon
1043,5/4/2025,1038,2023,402,2,0,3,morning
1044,5/4/2025,1154,2091,401,1,3260.84,4,evening
1045,5/4/2025,1106,2042,401,3,1173.27,5,afternoon
1046,5/4/2025,1172,2061,404,1,719.71,2,morning
1047,5/4/2025,1151,2020,404,0,1127.49,1,evening
1048,5/4/2025,1062,2005,402,1,385.9,3,afternoon
1049,5/4/2025,1034,2080,401,1,2996.14,4,morning
1050,5/4/2025,1014,2021,403,1,1503.74,5,morning
1051,5/4/2025,1132,2051,401,2,281.57,2,evening
1052,5/4/2025,1021,2027,404,3,775.83,1,afternoon
1053,5/4/2025,1123,2021,402,3,0,3,morning
1054,5/4/2025,1153,2018,402,2,867.62,4,evening
1055,5/4/2025,1042,2092,403,3,1446.63,5,afternoon
1056,5/4/2025,1152,2075,401,1,2107.73,2,morning
1057,5/4/2025,1096,2049,402,0,939.84,1,evening
1058,5/4/2025,1004,2025,404,1,0,3,afternoon
1059,5/4/2025,1155,2012,402,3,623.19,4,morning
1060,5/4/2025,1157,2076,401,0,2418.21,5,morning
1061,5/4/2025,1023,2061,402,0,199.92,2,evening
1062,5/4/2025,1198,2086,404,3,894.1,1,afternoon
1063,5/4/2025,1094,2005,404,1,771.8,3,morning
1064,5/4/2025,1123,2098,404,2,3631.44,4,evening
1065,5/4/2025,1150,2094,401,3,2466.75,5,afternoon
1066,5/4/2025,1034,2032,404,1,1702.08,2,morning
1067,5/4/2025,1021,2036,404,2,348.77,1,evening
1068,5/4/2025,1048,2000,401,0,4846.55,3,afternoon
1069,5/4/2025,1133,2000,404,1,872.38,4,morning
1070,5/4/2025,1176,2040,404,2,55.26,5,morning
1071,5/4/2025,1027,2019,404,2,747.14,2,evening
1072,5/4/2025,1066,2068,404,2,1968.58,1,afternoon
1073,5/4/2025,1156,2035,404,1,0,3,morning
1074,5/4/2025,1105,2070,404,1,0,4,evening
1075,5/4/2025,1094,2071,404,2,984.26,5,afternoon
1076,5/4/2025,1078,2073,403,3,499.43,2,morning
1077,5/4/2025,1188,2017,401,1,417.33,1,evening
1078,5/4/2025,1114,2089,402,0,827.04,3,afternoon
1079,5/4/2025,1054,2065,404,2,376.27,4,morning
1080,5/4/2025,1140,2078,401,1,255.62,5,morning
1081,5/4/2025,1099,2081,401,0,1492.44,2,evening
1082,5/4/2025,1037,2060,404,0,1225.14,1,afternoon
1083,5/4/2025,1016,2033,402,2,2007,3,morning
1084,5/4/2025,1020,2077,401,3,561.83,4,evening
1085,5/4/2025,1102,2078,403,0,142.01,5,afternoon
1086,5/4/2025,1198,2022,404,3,671.18,2,morning
1087,5/4/2025,1002,2025,403,1,503.32,1,evening
1088,5/4/2025,1008,2076,402,1,1450.93,3,afternoon
1089,5/4/2025,1172,2004,403,1,834.52,4,morning
1090,5/4/2025,1167,2000,402,0,969.31,5,morning
1091,5/4/2025,1070,2099,404,2,1551.17,2,evening
1092,5/4/2025,1171,2050,404,1,168.1,1,afternoon
1093,5/4/2025,1132,2001,401,0,2061.75,3,morning
1094,5/4/2025,1140,2036,403,2,348.77,4,evening
1095,5/4/2025,1070,2028,402,3,2551.76,5,afternoon
1096,5/4/2025,1103,2073,401,2,0,2,morning
1097,5/4/2025,1044,2052,401,0,2193.78,1,evening
1098,5/4/2025,1128,2037,403,0,0,3,afternoon
1099,5/4/2025,1131,2032,403,3,4728,4,morning
1100,5/4/2025,1096,2072,404,1,378.27,5,morning
1101,5/4/2025,1193,2043,404,3,2620.35,2,evening
1102,5/4/2025,1150,2003,404,0,1155.54,1,afternoon
1103,5/4/2025,1066,2008,404,1,59.93,3,morning
1104,5/4/2025,1173,2089,402,2,0,4,evening
1105,5/4/2025,1105,2045,401,2,499.42,5,afternoon
1106,5/4/2025,1063,2036,401,3,653.94,2,morning
1107,5/4/2025,1172,2095,403,0,981.58,1,evening
1108,5/4/2025,1141,2022,404,2,0,3,afternoon
1109,5/4/2025,1090,2027,403,1,698.25,4,morning
1110,5/4/2025,1191,2087,402,3,955.92,5,morning
1111,5/4/2025,1188,2025,402,1,251.66,2,evening
1112,5/4/2025,1067,2026,402,1,380.81,1,afternoon
1113,5/4/2025,1063,2079,403,1,1710.97,3,morning
1114,5/4/2025,1199,2013,401,0,5612.16,4,evening
1115,5/4/2025,1173,2084,404,0,281.85,5,afternoon
1116,5/4/2025,1195,2069,401,3,697.17,2,morning
1117,5/4/2025,1095,2079,403,3,950.54,1,evening
1118,5/4/2025,1147,2035,404,1,809.99,3,afternoon
1119,5/4/2025,1195,2065,403,3,1411.02,4,morning
1120,5/4/2025,1056,2096,402,0,0,5,morning
1121,5/4/2025,1134,2054,404,0,3602.04,2,evening
1122,5/4/2025,1128,2044,404,1,373.64,1,afternoon
1123,5/4/2025,1117,2015,404,2,1619.93,3,morning
1124,5/4/2025,1176,2001,401,1,371.12,4,evening
1125,5/4/2025,1097,2074,401,2,527.6,5,afternoon
1126,5/4/2025,1092,2078,403,1,383.43,2,morning
1127,5/4/2025,1140,2033,402,2,1338,1,evening
1128,5/4/2025,1120,2078,403,2,227.22,3,afternoon
1129,5/4/2025,1047,2063,404,1,0,4,morning
1130,5/4/2025,1107,2089,403,2,330.82,5,morning
1131,5/4/2025,1102,2035,404,1,1619.98,2,evening
1132,5/4/2025,1146,2016,402,0,0,1,afternoon
1133,5/4/2025,1184,2034,402,3,680.85,3,morning
1134,5/4/2025,1097,2025,402,1,1258.29,4,evening
1135,5/4/2025,1121,2001,402,3,0,5,afternoon
1136,5/4/2025,1127,2017,403,3,0,2,morning
1137,5/4/2025,1076,2032,401,3,6619.2,1,evening
1138,5/4/2025,1025,2088,402,0,0,3,afternoon
1139,5/4/2025,1055,2032,404,0,945.6,4,morning
1140,5/4/2025,1115,2095,403,2,0,5,morning
1141,5/4/2025,1092,2046,403,2,80.23,2,evening
1142,5/4/2025,1005,2052,401,2,1170.02,1,afternoon
1143,5/4/2025,1173,2077,402,1,1516.94,3,morning
1144,5/4/2025,1199,2036,403,2,871.92,4,evening
1145,5/4/2025,1172,2065,404,3,2822.04,5,afternoon
1146,5/4/2025,1020,2048,403,3,1072.89,2,morning
1147,5/4/2025,1161,2018,402,2,1301.42,1,evening
1148,5/4/2025,1107,2080,404,0,4993.56,3,afternoon
1149,5/4/2025,1020,2020,403,1,1014.74,4,morning
1150,5/4/2025,1080,2040,403,2,55.26,5,morning
1151,5/4/2025,1154,2082,404,2,639.84,2,evening
1152,5/4/2025,1113,2099,403,3,646.32,1,afternoon
1153,5/4/2025,1105,2021,402,0,835.41,3,morning
1154,5/4/2025,1032,2093,402,2,2419.01,4,evening
1155,5/4/2025,1190,2089,401,1,0,5,afternoon
1156,5/4/2025,1042,2050,401,0,1120.68,2,morning
1157,5/4/2025,1016,2060,401,0,816.76,1,evening
1158,5/4/2025,1197,2050,401,0,560.34,3,afternoon
1159,5/4/2025,1067,2079,402,0,1901.08,4,morning
1160,5/4/2025,1167,2049,403,1,0,5,morning
1161,5/4/2025,1063,2094,403,3,493.35,2,evening
1162,5/4/2025,1160,2016,402,1,1162.87,1,afternoon
1163,5/4/2025,1007,2004,403,2,2225.4,3,morning
1164,5/4/2025,1121,2059,403,3,2048.2,4,evening
1165,5/4/2025,1034,2089,402,3,2481.12,5,afternoon
1166,5/4/2025,1161,2095,404,2,392.63,2,morning
1167,5/4/2025,1088,2061,402,0,799.68,1,evening
1168,5/4/2025,1113,2039,403,3,976.44,3,afternoon
1169,5/4/2025,1066,2019,403,0,933.93,4,morning
1170,5/4/2025,1000,2066,402,2,412.85,5,morning
1171,5/4/2025,1073,2060,401,3,0,2,evening
1172,5/4/2025,1193,2061,403,0,199.92,1,afternoon
1173,5/4/2025,1196,2055,403,1,194.18,3,morning
1174,5/4/2025,1001,2070,403,1,61.52,4,evening
1175,5/4/2025,1105,2071,404,3,615.16,5,afternoon
1176,5/4/2025,1063,2020,404,3,375.83,2,morning
1177,5/4/2025,1056,2033,401,3,836.25,1,evening
1178,5/4/2025,1160,2030,403,2,271.95,3,afternoon
1179,5/4/2025,1166,2095,403,3,1472.37,4,morning
1180,5/4/2025,1048,2008,402,1,0,5,morning
1181,5/4/2025,1074,2014,404,3,738.9,2,evening
1182,5/4/2025,1069,2089,404,1,372.17,1,afternoon
1183,5/4/2025,1082,2002,402,0,1732,3,morning
1184,5/4/2025,1136,2002,402,0,1732,4,evening
1185,5/4/2025,1072,2034,402,3,0,5,afternoon
1186,5/4/2025,1186,2001,402,0,824.7,2,morning
1187,5/4/2025,1038,2001,404,1,0,1,evening
1188,5/4/2025,1087,2053,403,3,2440.6,3,afternoon
1189,5/4/2025,1095,2059,401,2,1638.56,4,morning
1190,5/4/2025,1020,2096,402,0,2688.72,5,morning
1191,5/4/2025,1068,2099,404,0,1938.96,2,evening
1192,5/4/2025,1139,2060,402,1,1102.63,1,afternoon
1193,5/4/2025,1064,2048,401,0,715.26,3,morning
1194,5/4/2025,1196,2091,402,3,0,4,evening
1195,5/4/2025,1197,2056,402,0,1049.44,5,afternoon
1196,5/4/2025,1050,2058,401,1,1800.22,2,morning
1197,5/4/2025,1121,2049,403,2,751.87,1,evening
1198,5/4/2025,1040,2080,401,0,1664.52,3,afternoon
1199,5/4/2025,1064,2061,403,1,179.93,4,morning
1200,5/4/2025,1092,2006,402,0,198,5,morning
1201,5/4/2025,1060,2081,404,2,1193.95,2,evening
1202,5/4/2025,1003,2021,403,0,2506.23,1,afternoon
1203,5/4/2025,1101,2031,401,0,1130.6,3,morning
1204,5/4/2025,1148,2088,404,1,0,4,evening
1205,5/4/2025,1095,2098,401,1,2451.22,5,afternoon
1206,5/4/2025,1040,2063,401,2,883.94,2,morning
1207,5/4/2025,1194,2080,401,0,1664.52,1,evening
1208,5/4/2025,1091,2082,402,0,0,3,afternoon
1209,5/4/2025,1032,2062,402,2,1981.95,4,morning
1210,5/4/2025,1142,2082,403,3,799.8,5,morning
1211,5/4/2025,1187,2024,401,3,372.81,2,evening
1212,5/4/2025,1091,2092,402,2,385.77,1,afternoon
1213,5/4/2025,1010,2062,404,2,990.98,3,morning
1214,5/4/2025,1138,2089,404,1,744.34,4,evening
1215,5/4/2025,1145,2023,403,2,1503.26,5,afternoon
1216,5/4/2025,1187,2059,403,1,1843.38,2,morning
1217,5/4/2025,1017,2067,402,3,0,1,evening
1218,5/4/2025,1075,2033,403,3,836.25,3,afternoon
1219,5/4/2025,1000,2099,404,1,2326.75,4,morning
1220,5/4/2025,1004,2079,403,1,0,5,morning
1221,5/4/2025,1082,2092,401,3,0,2,evening
1222,5/4/2025,1048,2067,404,1,785.56,1,afternoon
1223,5/4/2025,1156,2036,403,3,0,3,morning
1224,5/4/2025,1164,2041,401,0,804.21,4,evening
1225,5/4/2025,1133,2084,401,0,0,5,afternoon
1226,5/4/2025,1033,2022,401,1,604.06,2,morning
1227,5/4/2025,1027,2062,402,0,1238.72,1,evening
1228,5/4/2025,1008,2073,404,3,1498.29,3,afternoon
1229,5/4/2025,1134,2079,403,0,950.54,4,morning
1230,5/4/2025,1093,2028,401,0,1275.88,5,morning
1231,5/4/2025,1053,2083,404,0,2304.48,2,evening
1232,5/4/2025,1119,2081,401,2,0,1,afternoon
1233,5/4/2025,1142,2095,404,2,1177.9,3,morning
1234,5/4/2025,1181,2007,403,0,583.39,4,evening
1235,5/4/2025,1187,2009,403,0,265.24,5,afternoon
1236,5/4/2025,1055,2066,401,0,2580.3,2,morning
1237,5/4/2025,1185,2029,404,1,12.16,1,evening
1238,5/4/2025,1049,2067,402,1,261.86,3,afternoon
1239,5/4/2025,1142,2095,404,0,1963.16,4,morning
1240,5/4/2025,1196,2081,403,3,746.22,5,morning
1241,5/4/2025,1179,2085,404,0,242.15,2,evening
1242,5/4/2025,1042,2023,404,2,2254.9,1,afternoon
1243,5/4/2025,1168,2020,404,2,601.33,3,morning
1244,5/4/2025,1080,2070,403,2,0,4,evening
1245,5/4/2025,1105,2097,404,2,673.68,5,afternoon
1246,5/4/2025,1155,2030,402,3,509.91,2,morning
1247,5/4/2025,1196,2070,403,2,27.34,1,evening
1248,5/4/2025,1115,2057,404,0,1747.92,3,afternoon
1249,5/4/2025,1185,2004,403,0,2781.75,4,morning
1250,5/4/2025,1132,2017,403,0,0,5,morning
1251,5/4/2025,1076,2028,402,2,1020.7,2,evening
1252,5/4/2025,1005,2098,403,1,3268.3,1,afternoon
1253,5/4/2025,1024,2004,404,2,1483.6,3,morning
1254,5/4/2025,1039,2017,403,2,370.96,4,evening
1255,5/4/2025,1149,2031,402,2,904.48,5,afternoon
1256,5/4/2025,1076,2011,404,1,737.53,2,morning
1257,5/4/2025,1187,2009,403,3,198.93,1,evening
1258,5/4/2025,1044,2062,401,2,495.49,3,afternoon
1259,5/4/2025,1009,2093,404,0,0,4,morning
1260,5/4/2025,1199,2007,403,2,1400.14,5,morning
1261,5/4/2025,1111,2053,401,1,3294.81,2,evening
1262,5/4/2025,1191,2083,401,3,768.16,1,afternoon
1263,5/4/2025,1013,2039,401,2,1562.3,3,morning
1264,5/4/2025,1138,2072,402,2,672.48,4,evening
1265,5/4/2025,1128,2089,402,1,744.34,5,afternoon
1266,5/4/2025,1012,2086,404,3,2682.3,2,morning
1267,5/4/2025,1192,2076,401,1,1450.93,1,evening
1268,5/4/2025,1110,2037,404,1,324.13,3,afternoon
1269,5/4/2025,1033,2043,401,3,4367.25,4,morning
1270,5/4/2025,1146,2095,401,3,1963.16,5,morning
1271,5/4/2025,1067,2010,404,3,0,2,evening
1272,5/4/2025,1198,2089,402,1,744.34,1,afternoon
1273,5/4/2025,1123,2071,402,3,1845.48,3,morning
1274,5/4/2025,1101,2083,402,1,2074.03,4,evening
1275,5/4/2025,1062,2009,403,3,66.31,5,afternoon
1276,5/4/2025,1082,2087,401,0,318.64,2,morning
1277,5/4/2025,1171,2052,404,2,0,1,evening
1278,5/4/2025,1089,2024,403,2,298.25,3,afternoon
1279,5/4/2025,1152,2083,401,2,1843.58,4,morning
1280,5/4/2025,1043,2044,404,1,373.64,5,morning
1281,5/4/2025,1112,2005,402,1,0,2,evening
1282,5/4/2025,1175,2047,402,0,1004.94,1,afternoon
1283,5/4/2025,1028,2094,401,1,888.03,3,morning
1284,5/4/2025,1158,2018,403,0,2169.04,4,evening
1285,5/4/2025,1087,2088,401,2,567.48,5,afternoon
1286,5/4/2025,1115,2060,401,2,980.11,2,morning
1287,5/4/2025,1053,2094,402,1,888.03,1,evening
1288,5/4/2025,1139,2066,403,3,2580.3,3,afternoon
1289,5/4/2025,1159,2093,402,0,0,4,morning
1290,5/4/2025,1096,2074,401,2,1055.2,5,morning
1291,5/4/2025,1043,2007,403,1,525.05,2,morning
1292,5/4/2025,1178,2079,403,0,950.54,1,evening
1293,5/4/2025,1119,2083,401,0,768.16,3,afternoon
1294,5/4/2025,1099,2084,403,2,0,4,morning
1295,5/4/2025,1027,2002,403,3,866,5,evening
1296,5/4/2025,1059,2048,401,2,572.21,2,afternoon
1297,5/4/2025,1124,2076,401,1,2176.39,1,morning
1298,5/4/2025,1050,2064,404,0,1470.2,3,morning
1299,5/4/2025,1010,2031,403,2,1356.72,4,evening
1300,5/4/2025,1125,2050,402,0,373.56,5,afternoon
1301,5/4/2025,1088,2087,403,2,509.82,2,morning
1302,5/4/2025,1160,2038,402,2,2223.62,1,evening
1303,5/4/2025,1015,2080,403,3,2496.78,3,afternoon
1304,5/4/2025,1007,2071,403,1,553.64,4,morning
1305,5/4/2025,1038,2043,404,1,786.1,5,evening
1306,5/4/2025,1022,2093,404,1,2721.38,2,afternoon
1307,5/4/2025,1106,2030,402,3,1019.82,1,morning
1308,5/4/2025,1079,2077,403,3,561.83,3,morning
1309,5/4/2025,1138,2016,402,1,872.15,4,evening
1310,5/4/2025,1148,2069,402,1,418.3,5,afternoon
1311,5/4/2025,1079,2088,402,3,709.35,2,morning
1312,5/4/2025,1197,2018,402,2,867.62,1,evening
1313,5/4/2025,1017,2071,401,1,553.64,3,afternoon
1314,5/4/2025,1081,2018,401,2,867.62,4,morning
1315,5/4/2025,1105,2052,403,3,731.26,5,evening
1316,5/4/2025,1190,2081,403,1,0,2,afternoon
1317,5/4/2025,1199,2024,401,1,223.69,1,morning
1318,5/4/2025,1047,2003,403,1,346.66,3,morning
1319,5/4/2025,1152,2029,402,0,27.02,4,evening
1320,5/4/2025,1091,2010,404,1,210.17,5,afternoon
1321,5/4/2025,1128,2077,404,2,0,2,morning
1322,5/4/2025,1047,2049,404,3,0,1,evening
1323,5/4/2025,1035,2020,402,1,676.49,3,afternoon
1324,5/4/2025,1008,2052,401,2,585.01,4,morning
1325,5/4/2025,1105,2028,402,1,1148.29,5,evening
1326,5/4/2025,1016,2022,404,3,2684.72,2,afternoon
1327,5/4/2025,1176,2041,404,1,1447.58,1,morning
1328,5/4/2025,1109,2051,401,3,469.28,3,morning
1329,5/4/2025,1184,2040,404,0,103.62,4,evening
1330,5/4/2025,1133,2013,404,3,3741.44,5,afternoon
1331,5/4/2025,1010,2031,404,0,1130.6,2,morning
1332,5/4/2025,1142,2049,401,1,0,1,evening
1333,5/4/2025,1074,2056,404,2,839.55,3,afternoon
1334,5/4/2025,1198,2036,404,1,392.36,4,morning
1335,5/4/2025,1108,2037,401,1,648.25,5,evening
1336,5/4/2025,1118,2082,404,0,799.8,2,afternoon
1337,5/4/2025,1184,2064,401,1,264.64,1,morning
1338,5/4/2025,1199,2074,402,3,1978.5,3,morning
1339,5/4/2025,1105,2041,404,0,0,4,evening
1340,5/4/2025,1045,2058,402,3,0,5,afternoon
1341,5/4/2025,1023,2032,403,1,1702.08,2,morning
1342,5/4/2025,1183,2093,401,0,2267.82,1,evening
1343,5/4/2025,1029,2090,404,2,57.31,3,afternoon
1344,5/4/2025,1021,2067,404,1,261.86,4,morning
1345,5/4/2025,1096,2070,404,0,136.72,5,evening
1346,5/4/2025,1196,2021,403,1,751.87,2,afternoon
1347,5/4/2025,1041,2018,402,0,1084.52,1,morning
1348,5/4/2025,1107,2039,403,3,0,3,morning
1349,5/4/2025,1073,2080,402,0,3329.04,4,evening
1350,5/4/2025,1033,2025,401,2,671.09,5,afternoon
1351,5/4/2025,1003,2058,404,3,2000.25,2,morning
1352,5/4/2025,1139,2000,404,1,1744.76,1,evening
1353,5/4/2025,1055,2075,404,3,3122.56,3,afternoon
1354,5/4/2025,1104,2056,401,0,1574.16,4,morning
1355,5/4/2025,1062,2070,403,1,30.76,5,evening
1356,5/4/2025,1012,2023,402,0,2818.62,2,afternoon
1357,5/4/2025,1167,2044,401,1,560.47,1,morning
1358,5/4/2025,1008,2085,403,2,0,3,morning
1359,5/4/2025,1022,2006,401,3,990,4,evening
1360,5/4/2025,1045,2020,403,1,1352.99,5,afternoon
1361,5/4/2025,1116,2095,403,0,981.58,2,morning
1362,5/4/2025,1023,2098,403,2,1452.58,1,evening
1363,5/4/2025,1094,2048,401,3,1072.89,3,afternoon
1364,5/4/2025,1140,2008,403,3,0,4,morning
1365,5/4/2025,1034,2015,403,2,1079.95,5,evening
1366,5/4/2025,1134,2052,402,1,1316.27,2,afternoon
1367,5/4/2025,1156,2007,401,0,1750.17,1,morning
1368,5/4/2025,1123,2092,403,3,0,3,morning
1369,5/4/2025,1155,2040,403,2,27.63,4,evening
1370,5/4/2025,1033,2078,404,3,568.04,5,afternoon
1371,5/4/2025,1126,2023,402,2,2254.9,2,morning
1372,5/4/2025,1049,2000,401,0,3877.24,1,evening
1373,5/4/2025,1119,2080,401,1,0,3,afternoon
1374,5/4/2025,1157,2053,404,0,1830.45,4,morning
1375,5/4/2025,1085,2044,402,0,207.58,5,evening
1376,5/4/2025,1163,2025,403,2,447.39,2,afternoon
1377,5/4/2025,1017,2039,403,2,3905.76,1,morning
1378,5/4/2025,1196,2000,401,2,0,3,morning
1379,5/4/2025,1087,2050,401,1,168.1,4,evening
1380,5/4/2025,1049,2042,403,3,670.44,5,afternoon
1381,5/4/2025,1121,2004,402,3,3709,2,morning
1382,5/4/2025,1039,2080,404,2,665.81,1,evening
1383,5/4/2025,1118,2052,401,2,0,3,afternoon
1384,5/4/2025,1144,2092,403,0,1446.63,4,morning
1385,5/4/2025,1053,2073,403,2,1198.63,5,evening
1386,5/4/2025,1016,2019,403,0,0,2,afternoon
1387,5/4/2025,1086,2048,402,3,1072.89,1,morning
1388,5/4/2025,1047,2076,401,2,0,3,morning
1389,5/4/2025,1180,2040,401,2,110.53,4,evening
1390,5/4/2025,1105,2011,404,1,0,5,afternoon
1391,5/4/2025,1095,2057,403,1,786.56,2,morning
1392,5/4/2025,1134,2038,402,0,926.51,1,evening
1393,5/4/2025,1095,2004,402,0,0,3,afternoon
1394,5/4/2025,1113,2064,401,3,294.04,4,morning
1395,5/4/2025,1128,2019,402,2,1494.29,5,evening
1396,5/4/2025,1123,2093,403,2,3023.76,2,afternoon
1397,5/4/2025,1036,2098,401,1,817.07,1,morning
1398,5/4/2025,1052,2092,401,3,1928.84,3,morning
1399,5/4/2025,1099,2091,401,0,905.79,4,evening
1400,5/4/2025,1079,2005,401,2,1715.12,5,afternoon
1401,5/4/2025,1119,2005,401,2,686.05,2,morning
1402,5/4/2025,1005,2073,403,1,0,1,evening
1403,5/4/2025,1082,2025,402,2,223.7,3,afternoon
1404,5/4/2025,1070,2068,403,3,2460.72,4,morning
1405,5/4/2025,1171,2015,403,1,0,5,evening
1406,5/4/2025,1040,2035,401,0,899.99,2,afternoon
1407,5/4/2025,1159,2071,401,1,1660.93,1,morning
1408,5/4/2025,1138,2044,403,2,0,3,morning
1409,5/4/2025,1036,2090,403,1,0,4,evening
1410,5/4/2025,1043,2009,403,2,106.1,5,afternoon
1411,5/4/2025,1138,2056,401,1,944.5,2,morning
1412,5/4/2025,1007,2060,401,0,816.76,1,evening
1413,5/4/2025,1098,2006,401,3,990,3,afternoon
1414,5/4/2025,1100,2022,404,2,1610.83,4,morning
1415,5/4/2025,1079,2042,402,0,167.61,5,evening
1416,5/4/2025,1193,2097,404,1,2273.67,2,afternoon
1417,5/4/2025,1023,2089,404,0,413.52,1,morning
1418,5/4/2025,1116,2039,404,3,3905.76,3,morning
1419,5/4/2025,1059,2028,402,2,1531.06,4,evening
1420,5/4/2025,1093,2050,402,2,298.85,5,afternoon
1421,5/4/2025,1083,2058,404,0,2000.25,2,morning
1422,5/4/2025,1016,2060,401,2,653.41,1,evening
1423,5/4/2025,1122,2059,402,2,1228.92,3,afternoon
1424,5/4/2025,1196,2044,402,0,207.58,4,morning
1425,5/4/2025,1103,2091,401,2,2173.9,5,evening
1426,5/4/2025,1142,2083,401,2,1229.06,2,afternoon
1427,5/4/2025,1136,2059,404,3,2560.25,1,morning
1428,5/4/2025,1061,2079,402,1,2566.46,3,morning
1429,5/4/2025,1123,2049,401,2,751.87,4,evening
1430,5/4/2025,1053,2088,404,3,709.35,5,afternoon
1431,5/4/2025,1145,2043,402,1,1572.21,2,morning
1432,5/4/2025,1169,2085,401,3,1210.75,1,evening
1433,5/4/2025,1029,2075,404,2,1249.02,3,afternoon
1434,5/4/2025,1142,2012,404,1,1682.61,4,morning
1435,5/4/2025,1078,2051,401,0,117.32,5,evening
1436,5/4/2025,1175,2076,404,2,1289.71,2,afternoon
1437,5/4/2025,1126,2082,401,0,1066.4,1,morning
1438,5/4/2025,1055,2017,401,1,1669.32,3,morning
1439,5/4/2025,1169,2019,404,2,747.14,4,evening
1440,5/4/2025,1099,2078,404,1,383.43,5,afternoon
1441,5/4/2025,1052,2087,403,2,0,2,morning
1442,5/4/2025,1145,2086,403,3,2682.3,1,evening
1443,5/4/2025,1183,2044,401,0,1037.9,3,afternoon
1444,5/4/2025,1156,2065,404,1,423.31,4,morning
1445,5/4/2025,1075,2007,403,0,1166.78,5,evening
1446,5/4/2025,1000,2090,403,0,143.28,2,afternoon
1447,5/4/2025,1072,2003,402,3,0,1,morning
1448,5/4/2025,1179,2075,404,2,1873.54,3,morning
1449,5/4/2025,1182,2048,404,3,357.63,4,evening
1450,5/4/2025,1111,2069,402,1,836.6,5,afternoon
1451,5/4/2025,1121,2017,402,3,2782.2,2,morning
1452,5/4/2025,1092,2053,402,2,1464.36,1,evening
1453,5/4/2025,1171,2016,402,0,646.04,3,afternoon
1454,5/4/2025,1018,2082,401,1,0,4,morning
1455,5/4/2025,1184,2062,404,1,1672.27,5,evening
1456,5/4/2025,1021,2017,404,3,463.7,2,afternoon
1457,5/4/2025,1178,2077,404,1,505.65,1,morning
1458,5/4/2025,1116,2065,404,3,470.34,3,morning
1459,5/4/2025,1098,2045,402,1,280.93,4,evening
1460,5/4/2025,1108,2077,401,3,1685.49,5,afternoon
1461,5/4/2025,1187,2030,403,3,509.91,2,morning
1462,5/4/2025,1139,2073,403,0,499.43,1,evening
1463,5/4/2025,1009,2072,404,2,0,3,afternoon
1464,5/4/2025,1028,2074,404,0,3297.5,4,morning
1465,5/4/2025,1036,2093,403,3,0,5,evening
1466,5/4/2025,1132,2010,401,1,0,2,afternoon
1467,5/4/2025,1120,2080,401,2,665.81,1,morning
1468,5/4/2025,1156,2006,403,0,198,3,morning
1469,5/4/2025,1120,2058,404,2,1600.2,4,evening
1470,5/4/2025,1107,2045,403,2,249.71,5,afternoon
1471,5/4/2025,1042,2004,403,2,0,2,morning
1472,5/4/2025,1015,2080,404,1,749.03,1,evening
1473,5/4/2025,1146,2006,403,0,792,3,afternoon
1474,5/4/2025,1073,2062,401,1,1114.85,4,morning
1475,5/4/2025,1129,2009,403,2,0,5,evening
1476,5/4/2025,1033,2078,403,2,340.82,2,afternoon
1477,5/4/2025,1065,2001,401,1,371.12,1,morning
1478,5/4/2025,1151,2094,402,3,493.35,3,morning
1479,5/4/2025,1094,2022,403,1,0,4,evening
1480,5/4/2025,1124,2023,401,2,2254.9,5,afternoon
1481,5/4/2025,1021,2018,402,3,542.26,2,morning
1482,5/4/2025,1192,2052,404,1,0,1,evening
1483,5/4/2025,1169,2056,402,1,944.5,3,afternoon
1484,5/4/2025,1147,2093,403,0,2267.82,4,morning
1485,5/4/2025,1164,2033,401,0,836.25,5,evening
1486,5/4/2025,1042,2059,404,3,3072.3,2,afternoon
1487,5/4/2025,1077,2060,402,3,1633.52,1,morning
1488,5/4/2025,1174,2090,404,3,286.56,3,morning
1489,5/4/2025,1067,2018,404,0,2169.04,4,evening
1490,5/4/2025,1073,2057,404,2,349.58,5,afternoon
1491,5/4/2025,1135,2087,401,0,318.64,2,morning
1492,5/4/2025,1136,2081,403,3,2238.66,1,evening
1493,5/4/2025,1156,2083,403,2,1229.06,3,afternoon
1494,5/4/2025,1069,2034,401,2,217.87,4,morning
1495,5/4/2025,1167,2074,404,3,2638,5,evening
1496,5/4/2025,1197,2086,402,1,2414.07,2,afternoon
1497,5/4/2025,1133,2043,402,2,1397.52,1,morning
1498,5/4/2025,1140,2001,401,0,1237.05,3,morning
1499,5/4/2025,1003,2052,401,0,731.26,4,evening
1500,5/4/2025,1175,2057,403,1,1179.85,5,afternoon
1501,5/4/2025,1185,2036,403,1,980.91,2,morning
1502,5/4/2025,1008,2003,401,0,0,1,evening
1503,5/4/2025,1152,2084,402,0,281.85,3,afternoon
1504,5/4/2025,1181,2015,401,1,1214.95,4,morning
1505,5/4/2025,1096,2084,402,0,0,5,evening
1506,5/4/2025,1178,2023,403,2,1503.26,2,afternoon
1507,5/4/2025,1119,2084,401,3,0,1,morning
1508,5/4/2025,1070,2098,404,2,1452.58,3,morning
1509,5/4/2025,1065,2020,401,2,300.66,4,evening
1510,5/4/2025,1198,2007,404,3,2333.56,5,afternoon
1511,5/4/2025,1085,2007,403,2,933.42,2,morning
1512,5/4/2025,1045,2056,401,3,3148.32,1,evening
1513,5/4/2025,1051,2078,404,1,383.43,3,afternoon
1514,5/4/2025,1165,2062,401,1,557.42,4,morning
1515,5/4/2025,1138,2098,404,1,817.07,5,evening
1516,5/4/2025,1157,2082,401,3,1066.4,2,afternoon
1517,5/4/2025,1183,2033,401,0,0,1,morning
1518,5/4/2025,1018,2009,403,3,0,3,morning
1519,5/4/2025,1004,2063,402,0,552.46,4,evening
1520,5/4/2025,1009,2085,404,2,193.72,5,afternoon
1521,5/4/2025,1038,2089,403,3,1240.56,2,morning
1522,5/4/2025,1147,2000,404,3,4846.55,1,evening
1523,5/4/2025,1111,2051,401,1,211.18,3,afternoon
1524,5/4/2025,1000,2049,404,0,5639.04,4,morning
1525,5/4/2025,1145,2068,403,2,656.19,5,evening
1526,5/4/2025,1174,2038,404,0,1853.02,2,afternoon
1527,5/4/2025,1161,2082,401,2,213.28,1,morning
1528,5/4/2025,1136,2043,401,3,3493.8,3,morning
1529,5/4/2025,1194,2098,403,1,2451.22,4,evening
1530,5/4/2025,1045,2070,401,3,102.54,5,afternoon
1531,5/4/2025,1169,2024,403,3,621.35,2,morning
1532,5/4/2025,1027,2080,403,3,2496.78,1,evening
1533,5/4/2025,1021,2080,404,1,2247.1,3,afternoon
1534,5/4/2025,1035,2004,402,0,1854.5,4,morning
1535,5/4/2025,1184,2075,402,3,2341.92,5,evening
1536,5/4/2025,1099,2008,403,3,66.59,2,afternoon
1537,5/4/2025,1136,2057,401,0,1310.94,1,morning
1538,5/4/2025,1086,2007,403,0,1750.17,3,morning
1539,5/4/2025,1103,2015,402,3,2024.91,4,evening
1540,5/4/2025,1173,2068,402,1,0,5,afternoon
1541,5/4/2025,1018,2004,402,3,927.25,2,morning
1542,5/4/2025,1167,2002,404,0,866,1,evening
1543,5/4/2025,1062,2089,402,0,2067.6,3,afternoon
1544,5/4/2025,1044,2080,401,2,665.81,4,morning
1545,5/4/2025,1024,2058,402,0,2000.25,5,evening
1546,5/4/2025,1027,2014,404,1,443.34,2,afternoon
1547,5/4/2025,1016,2025,404,2,671.09,1,morning
1548,5/4/2025,1188,2086,404,2,2861.12,3,morning
1549,5/4/2025,1030,2087,402,2,382.37,4,morning
1550,5/4/2025,1054,2097,401,1,2273.67,5,evening
1551,5/4/2025,1085,2008,401,2,106.54,2,afternoon
1552,5/4/2025,1036,2096,404,1,1814.89,1,morning
1553,5/4/2025,1178,2047,402,3,1004.94,3,evening
1554,5/4/2025,1062,2074,401,1,1187.1,4,afternoon
1555,5/4/2025,1025,2080,404,1,3745.17,5,morning
1556,5/4/2025,1004,2062,401,0,2477.44,2,morning
1557,5/4/2025,1001,2022,401,2,536.94,1,evening
1558,5/4/2025,1106,2088,404,1,1276.83,3,afternoon
1559,5/4/2025,1052,2018,403,3,2169.04,4,morning
1560,5/4/2025,1105,2030,402,0,339.94,5,evening
1561,5/4/2025,1152,2023,404,0,1879.08,2,afternoon
1562,5/4/2025,1160,2038,403,3,0,1,morning
1563,5/4/2025,1001,2071,402,1,1660.93,3,evening
1564,5/4/2025,1030,2067,401,2,465.52,4,afternoon
1565,5/4/2025,1194,2069,402,3,929.56,5,morning
1566,5/4/2025,1197,2080,402,2,1331.62,2,morning
1567,5/4/2025,1013,2024,401,1,335.53,1,evening
1568,5/4/2025,1175,2060,404,1,735.08,3,afternoon
1569,5/4/2025,1040,2085,401,0,484.3,4,morning
1570,5/4/2025,1165,2046,403,1,60.17,5,evening
1571,5/4/2025,1111,2032,403,3,3782.4,2,afternoon
1572,5/4/2025,1011,2013,401,1,1683.65,1,morning
1573,5/4/2025,1040,2003,404,0,385.18,3,evening
1574,5/4/2025,1018,2030,404,2,135.98,4,afternoon
1575,5/4/2025,1107,2025,403,1,754.97,5,morning
1576,5/4/2025,1199,2014,403,1,0,2,morning
1577,5/4/2025,1025,2030,404,1,0,1,evening
1578,5/4/2025,1096,2028,401,3,2551.76,3,afternoon
1579,5/4/2025,1149,2062,401,3,1858.08,4,morning
1580,5/4/2025,1037,2027,404,1,465.5,5,evening
1581,5/4/2025,1099,2047,402,3,0,2,afternoon
1582,5/4/2025,1184,2024,403,2,198.83,1,morning
1583,5/4/2025,1051,2042,402,0,167.61,3,evening
1584,5/4/2025,1177,2072,401,2,672.48,4,afternoon
1585,5/4/2025,1034,2014,404,3,985.2,5,morning
1586,5/4/2025,1107,2021,403,1,751.87,2,morning
1587,5/4/2025,1075,2077,402,1,2528.24,1,evening
1588,5/4/2025,1147,2070,402,0,34.18,3,afternoon
1589,5/4/2025,1105,2066,404,1,928.91,4,morning
1590,5/4/2025,1151,2060,404,2,653.41,5,evening
1591,5/4/2025,1003,2093,404,1,680.35,2,afternoon
1592,5/4/2025,1063,2041,404,1,2171.37,1,morning
1593,5/4/2025,1151,2019,401,3,933.93,3,evening
1594,5/4/2025,1011,2005,404,0,428.78,4,afternoon
1595,5/4/2025,1108,2067,404,3,290.95,5,morning
1596,5/4/2025,1178,2012,404,3,623.19,2,morning
1597,5/4/2025,1061,2010,401,3,389.2,1,evening
1598,5/4/2025,1055,2016,403,2,0,3,afternoon
1599,5/4/2025,1061,2082,401,0,266.6,4,morning
1600,5/4/2025,1122,2085,403,1,217.94,5,evening
1601,5/4/2025,1180,2058,401,3,666.75,2,afternoon
1602,5/4/2025,1118,2098,402,3,907.86,1,morning
1603,5/4/2025,1047,2047,404,0,334.98,3,evening
1604,5/4/2025,1160,2009,404,2,0,4,afternoon
1605,5/4/2025,1135,2004,403,3,3709,5,morning
1606,5/4/2025,1192,2034,402,0,0,2,morning
1607,5/4/2025,1158,2042,401,2,402.26,1,evening
1608,5/4/2025,1013,2014,404,2,197.04,3,afternoon
1609,5/4/2025,1119,2079,401,2,4562.59,4,morning
1610,5/4/2025,1093,2022,401,1,604.06,5,evening
1611,5/4/2025,1035,2042,402,0,335.22,2,afternoon
1612,5/4/2025,1166,2061,402,1,179.93,1,morning
1613,5/4/2025,1082,2045,403,3,312.14,3,evening
1614,5/4/2025,1070,2006,401,2,633.6,4,afternoon
1615,5/4/2025,1088,2057,404,0,436.98,5,morning
1616,5/4/2025,1120,2090,403,3,214.92,2,morning
1617,5/4/2025,1158,2047,401,1,904.45,1,evening
1618,5/4/2025,1117,2011,401,3,0,3,afternoon
1619,5/4/2025,1045,2036,401,0,217.98,4,morning
1620,5/4/2025,1042,2035,401,1,809.99,5,evening
1621,5/4/2025,1127,2019,402,0,933.93,2,afternoon
1622,5/4/2025,1075,2053,402,3,2440.6,1,morning
1623,5/4/2025,1088,2053,404,0,610.15,3,evening
1624,5/4/2025,1074,2024,401,0,248.54,4,afternoon
1625,5/4/2025,1059,2066,403,3,2064.24,5,morning
1626,5/4/2025,1148,2043,403,3,873.45,2,morning
1627,5/4/2025,1151,2085,404,3,726.45,1,evening
1628,5/4/2025,1077,2072,402,2,1008.72,3,afternoon
1629,5/4/2025,1043,2033,402,3,836.25,4,morning
1630,5/4/2025,1095,2036,401,1,392.36,5,evening
1631,5/4/2025,1090,2036,404,1,588.55,2,afternoon
1632,5/4/2025,1158,2020,403,1,676.49,1,morning
1633,5/4/2025,1044,2090,402,1,0,3,evening
1634,5/4/2025,1060,2014,401,2,591.12,4,afternoon
1635,5/4/2025,1147,2016,404,2,516.83,5,morning
1636,5/4/2025,1094,2023,402,0,1879.08,2,morning
1637,5/4/2025,1170,2040,403,1,0,1,evening
1638,5/4/2025,1095,2057,402,2,349.58,3,afternoon
1639,5/4/2025,1031,2003,404,3,0,4,morning
1640,5/4/2025,1196,2018,404,2,433.81,5,evening
1641,5/4/2025,1039,2000,403,2,775.45,2,afternoon
1642,5/4/2025,1121,2037,402,3,1080.42,1,morning
1643,5/4/2025,1086,2088,401,3,2837.4,3,evening
1644,5/4/2025,1010,2017,401,2,1112.88,4,afternoon
1645,5/4/2025,1006,2051,402,3,351.96,5,morning
1646,5/4/2025,1091,2011,403,0,819.48,2,morning
1647,5/4/2025,1155,2082,402,1,959.76,1,evening
1648,5/4/2025,1005,2098,403,1,817.07,3,afternoon
1649,5/4/2025,1005,2010,404,0,233.52,4,morning
1650,5/4/2025,1131,2050,402,3,747.12,5,evening
1651,5/4/2025,1081,2077,401,2,1797.86,2,afternoon
1652,5/4/2025,1101,2018,404,2,867.62,1,morning
1653,5/4/2025,1098,2047,401,2,1071.94,3,evening
1654,5/4/2025,1088,2044,403,3,830.32,4,afternoon
1655,5/4/2025,1143,2011,402,3,1229.22,5,morning
1656,5/4/2025,1189,2053,404,2,1464.36,2,morning
1657,5/4/2025,1041,2093,404,3,2267.82,1,evening
1658,5/4/2025,1035,2075,401,1,1405.15,3,afternoon
1659,5/4/2025,1053,2038,404,2,2964.83,4,morning
1660,5/4/2025,1016,2075,404,0,3122.56,5,evening
1661,5/4/2025,1001,2052,403,3,731.26,2,afternoon
1662,5/4/2025,1044,2071,404,1,553.64,1,morning
1663,5/4/2025,1051,2023,404,2,0,3,evening
1664,5/4/2025,1141,2062,401,2,1486.46,4,afternoon
1665,5/4/2025,1149,2038,404,3,926.51,5,morning
1666,5/4/2025,1057,2003,401,1,2079.97,2,morning
1667,5/4/2025,1067,2038,404,0,926.51,1,evening
1668,5/4/2025,1167,2085,403,3,242.15,3,afternoon
1669,5/4/2025,1045,2062,402,0,1858.08,4,morning
1670,5/4/2025,1030,2097,403,3,3368.4,5,evening
1671,5/4/2025,1017,2076,403,3,0,2,afternoon
1672,5/4/2025,1144,2055,403,3,161.82,1,morning
1673,5/4/2025,1177,2015,403,0,674.97,3,evening
1674,5/4/2025,1066,2020,401,1,1014.74,4,afternoon
1675,5/4/2025,1081,2059,402,2,409.64,5,morning
1676,5/4/2025,1041,2006,403,2,475.2,2,morning
1677,5/4/2025,1107,2081,403,0,3731.1,1,evening
1678,5/4/2025,1074,2037,401,1,0,3,afternoon
1679,5/4/2025,1196,2080,402,0,832.26,4,morning
1680,5/4/2025,1153,2096,402,2,1075.49,5,evening
1681,5/4/2025,1080,2087,403,2,127.46,2,afternoon
1682,5/4/2025,1175,2089,403,0,2067.6,1,morning
1683,5/4/2025,1136,2074,403,1,593.55,3,evening
1684,5/4/2025,1003,2017,403,2,1112.88,4,afternoon
1685,5/4/2025,1199,2062,404,2,990.98,5,morning
1686,5/4/2025,1041,2013,402,1,1683.65,2,morning
1687,5/4/2025,1128,2028,402,0,0,1,evening
1688,5/4/2025,1106,2058,401,0,1333.5,3,afternoon
1689,5/4/2025,1033,2002,404,2,1385.6,4,morning
1690,5/4/2025,1079,2088,403,1,2553.66,5,evening
1691,5/4/2025,1113,2076,403,1,0,2,afternoon
1692,5/4/2025,1181,2038,401,0,2779.53,1,morning
1693,5/4/2025,1056,2016,402,1,872.15,3,evening
1694,5/4/2025,1078,2016,402,1,872.15,4,afternoon
1695,5/4/2025,1020,2054,401,0,1801.02,5,morning
1696,5/4/2025,1004,2099,404,3,0,2,morning
1697,5/4/2025,1010,2025,401,0,559.24,1,evening
1698,5/4/2025,1168,2065,401,3,1411.02,3,afternoon
1699,5/4/2025,1030,2032,401,0,945.6,4,morning
1700,5/4/2025,1077,2085,401,0,0,5,evening
1701,5/4/2025,1005,2015,402,1,0,2,afternoon
1702,5/4/2025,1047,2085,403,0,242.15,1,morning
1703,5/4/2025,1023,2018,403,2,0,3,evening
1704,5/4/2025,1090,2020,402,0,751.66,4,afternoon
1705,5/4/2025,1025,2074,401,1,593.55,5,morning
1706,5/4/2025,1183,2024,403,1,335.53,2,morning
1707,5/4/2025,1193,2068,401,0,820.24,1,evening
1708,5/4/2025,1054,2064,404,2,235.23,3,afternoon
1709,5/4/2025,1178,2075,402,3,5464.48,4,morning
1710,5/4/2025,1172,2013,402,2,2244.86,5,evening
1711,5/4/2025,1097,2054,402,1,810.46,2,afternoon
1712,5/4/2025,1104,2014,403,0,246.3,1,morning
1713,5/4/2025,1119,2014,402,3,1231.5,3,evening
1714,5/4/2025,1195,2046,403,0,100.29,4,afternoon
1715,5/4/2025,1021,2041,404,0,0,5,morning
1716,5/4/2025,1098,2036,404,2,0,2,morning
1717,5/4/2025,1175,2056,402,3,2098.88,1,evening
1718,5/4/2025,1074,2054,402,0,2701.53,3,afternoon
1719,5/4/2025,1121,2086,403,1,3218.76,4,morning
1720,5/4/2025,1003,2086,404,0,1788.2,5,evening
1721,5/4/2025,1101,2056,401,0,524.72,2,afternoon
1722,5/4/2025,1036,2050,404,0,747.12,1,morning
1723,5/4/2025,1189,2021,401,2,1336.66,3,evening
1724,5/4/2025,1050,2043,402,3,873.45,4,afternoon
1725,5/4/2025,1031,2029,404,3,40.53,5,morning
1726,5/4/2025,1071,2097,403,3,2526.3,2,morning
1727,5/4/2025,1091,2060,404,3,1225.14,1,evening
1728,5/4/2025,1130,2035,402,3,899.99,3,afternoon
1729,5/4/2025,1027,2015,403,3,0,4,morning
1730,5/4/2025,1127,2029,402,0,40.53,5,evening
1731,5/4/2025,1025,2094,401,0,1973.4,2,afternoon
1732,5/4/2025,1127,2086,401,1,4828.14,1,morning
1733,5/4/2025,1097,2077,403,1,2022.59,3,evening
1734,5/4/2025,1077,2079,401,0,1901.08,4,afternoon
1735,5/4/2025,1169,2096,404,3,672.18,5,morning
1736,5/4/2025,1051,2037,404,3,1800.7,2,morning
1737,5/4/2025,1129,2033,403,0,1672.5,1,evening
1738,5/4/2025,1195,2004,404,0,2781.75,3,afternoon
1739,5/4/2025,1098,2057,403,3,1310.94,4,morning
1740,5/4/2025,1113,2058,401,0,2000.25,5,evening
1741,5/4/2025,1045,2071,403,1,0,2,afternoon
1742,5/4/2025,1125,2055,402,2,86.3,1,morning
1743,5/4/2025,1183,2049,404,0,1879.68,3,evening
1744,5/4/2025,1145,2086,404,3,2682.3,4,afternoon
1745,5/4/2025,1121,2071,402,0,1845.48,5,morning
1746,5/4/2025,1100,2033,404,3,2508.75,2,morning
1747,5/4/2025,1157,2086,403,2,1430.56,1,evening
1748,5/4/2025,1082,2007,401,0,1750.17,3,afternoon
1749,5/4/2025,1032,2046,403,0,167.15,4,morning
1750,5/4/2025,1195,2080,403,3,3329.04,5,evening
1751,5/4/2025,1024,2054,403,2,0,2,afternoon
1752,5/4/2025,1105,2044,401,1,373.64,1,morning
1753,5/4/2025,1063,2030,403,0,509.91,3,evening
1754,5/4/2025,1176,2008,403,0,133.18,4,afternoon
1755,5/4/2025,1086,2021,401,2,2004.98,5,morning
1756,5/4/2025,1009,2058,404,3,2000.25,2,morning
1757,5/4/2025,1068,2002,404,0,0,1,evening
1758,5/4/2025,1081,2048,404,2,572.21,3,afternoon
1759,5/4/2025,1146,2012,404,0,623.19,4,morning
1760,5/4/2025,1176,2086,402,2,1430.56,5,evening
1761,5/4/2025,1127,2064,403,1,529.27,2,afternoon
1762,5/4/2025,1157,2038,403,3,4632.55,1,morning
1763,5/4/2025,1051,2063,401,1,0,3,evening
1764,5/4/2025,1073,2033,401,2,1338,4,afternoon
1765,5/4/2025,1146,2051,402,0,0,5,morning
1766,5/4/2025,1183,2074,401,2,0,2,morning
1767,5/4/2025,1069,2008,404,3,66.59,1,evening
1768,5/4/2025,1053,2044,401,2,332.13,3,afternoon
1769,5/4/2025,1129,2038,404,2,0,4,morning
1770,5/4/2025,1051,2053,404,2,488.12,5,evening
1771,5/4/2025,1159,2065,404,1,1693.22,2,afternoon
1772,5/4/2025,1004,2080,402,3,3329.04,1,morning
1773,5/4/2025,1054,2084,404,2,901.92,3,evening
1774,5/4/2025,1163,2068,404,0,1640.48,4,afternoon
1775,5/4/2025,1133,2025,403,3,838.86,5,morning
1776,5/4/2025,1037,2030,402,2,271.95,2,morning
1777,5/4/2025,1111,2052,403,0,731.26,1,evening
1778,5/4/2025,1162,2026,404,2,169.25,3,afternoon
1779,5/4/2025,1073,2082,402,2,213.28,4,morning
1780,5/4/2025,1175,2076,402,3,806.07,5,evening
1781,5/4/2025,1061,2014,402,1,665.01,2,afternoon
1782,5/4/2025,1007,2031,403,3,1695.9,1,morning
1783,5/4/2025,1124,2071,404,3,1845.48,3,evening
1784,5/4/2025,1165,2004,402,1,1669.05,4,afternoon
1785,5/4/2025,1069,2017,401,2,0,5,morning
1786,5/4/2025,1071,2084,402,0,281.85,2,morning
1787,5/4/2025,1184,2062,401,0,2477.44,1,evening
1788,5/4/2025,1021,2040,403,0,69.08,3,afternoon
1789,5/4/2025,1104,2046,401,3,167.15,4,morning
1790,5/4/2025,1185,2017,402,0,1854.8,5,evening
1791,5/4/2025,1146,2094,401,2,789.36,2,afternoon
1792,5/4/2025,1127,2011,402,0,409.74,1,morning
1793,5/4/2025,1197,2040,403,3,138.16,3,evening
1794,5/4/2025,1191,2095,402,3,1963.16,4,afternoon
1795,5/4/2025,1055,2018,401,1,488.03,5,morning
1796,5/4/2025,1054,2035,404,3,899.99,2,morning
1797,5/4/2025,1065,2075,401,3,3903.2,1,evening
1798,5/4/2025,1136,2047,401,2,267.98,3,afternoon
1799,5/4/2025,1139,2054,404,1,3241.84,4,morning
1800,5/4/2025,1071,2018,403,3,0,5,evening
1801,5/4/2025,1183,2047,403,0,1004.94,2,afternoon
1802,5/4/2025,1165,2077,401,0,1685.49,1,morning
1803,5/4/2025,1176,2085,402,2,581.16,3,evening
1804,5/4/2025,1141,2049,403,2,1503.74,4,afternoon
1805,5/4/2025,1175,2015,402,3,674.97,5,morning
1806,5/4/2025,1099,2001,404,2,0,2,morning
1807,5/4/2025,1077,2011,402,2,655.58,1,morning
1808,5/4/2025,1053,2020,404,2,601.33,3,evening
1809,5/4/2025,1196,2082,404,0,533.2,4,afternoon
1810,5/4/2025,1070,2010,404,3,311.36,5,morning
1811,5/4/2025,1188,2052,403,3,2925.04,2,evening
1812,5/4/2025,1025,2020,403,0,375.83,1,afternoon
1813,5/4/2025,1090,2053,403,3,1830.45,3,morning
1814,5/4/2025,1177,2003,401,1,346.66,4,morning
1815,5/4/2025,1161,2056,402,0,1049.44,5,evening
1816,5/4/2025,1102,2025,403,2,0,2,afternoon
1817,5/4/2025,1147,2010,401,1,70.06,1,morning
1818,5/4/2025,1063,2066,402,3,516.06,3,evening
1819,5/4/2025,1081,2057,404,1,786.56,4,afternoon
1820,5/4/2025,1066,2022,403,2,536.94,5,morning
1821,5/4/2025,1050,2010,404,2,62.27,2,evening
1822,5/4/2025,1046,2050,404,1,336.2,1,afternoon
1823,5/4/2025,1005,2002,402,0,3464,3,morning
1824,5/4/2025,1118,2025,403,1,0,4,morning
1825,5/4/2025,1012,2051,404,2,93.86,5,evening
1826,5/4/2025,1038,2011,403,1,1475.06,2,afternoon
1827,5/4/2025,1145,2015,401,3,2024.91,1,morning
1828,5/4/2025,1197,2058,404,0,666.75,3,evening
1829,5/4/2025,1057,2091,402,1,815.21,4,afternoon
1830,5/4/2025,1005,2034,403,3,544.68,5,morning
1831,5/4/2025,1097,2016,404,1,290.72,2,evening
1832,5/4/2025,1153,2027,403,1,698.25,1,afternoon
1833,5/4/2025,1107,2023,404,1,2536.76,3,morning
1834,5/4/2025,1007,2037,403,1,648.25,4,morning
1835,5/4/2025,1158,2057,402,2,699.17,5,evening
1836,5/4/2025,1149,2087,404,0,637.28,2,afternoon
1837,5/4/2025,1002,2060,402,2,326.7,1,morning
1838,5/4/2025,1177,2050,402,3,186.78,3,evening
1839,5/4/2025,1181,2054,403,0,1801.02,4,afternoon
1840,5/4/2025,1024,2071,401,0,615.16,5,morning
1841,5/4/2025,1085,2030,404,2,407.93,2,evening
1842,5/4/2025,1155,2085,401,0,726.45,1,afternoon
1843,5/4/2025,1064,2064,404,2,940.93,3,morning
1844,5/4/2025,1101,2085,403,1,217.94,4,morning
1845,5/4/2025,1143,2005,402,2,343.02,5,evening
1846,5/4/2025,1043,2064,404,2,235.23,2,afternoon
1847,5/4/2025,1119,2016,401,2,258.42,1,morning
1848,5/4/2025,1181,2067,404,1,523.71,3,evening
1849,5/4/2025,1066,2014,403,0,0,4,afternoon
1850,5/4/2025,1032,2063,403,2,441.97,5,morning
1851,5/4/2025,1110,2036,403,2,348.77,2,evening
1852,5/4/2025,1132,2040,404,1,124.34,1,afternoon
1853,5/4/2025,1080,2094,404,1,0,3,morning
1854,5/4/2025,1142,2084,404,0,0,4,morning
1855,5/4/2025,1048,2019,401,1,840.54,5,evening
1856,5/4/2025,1046,2004,404,2,741.8,2,afternoon
1857,5/4/2025,1041,2090,404,3,358.2,1,morning
1858,5/4/2025,1029,2063,401,3,1657.38,3,evening
1859,5/4/2025,1091,2090,404,3,214.92,4,afternoon
1860,5/4/2025,1126,2014,402,0,492.6,5,morning
1861,5/4/2025,1089,2011,402,2,1638.96,2,evening
1862,5/4/2025,1046,2021,403,1,2255.61,1,afternoon
1863,5/4/2025,1149,2000,402,3,4846.55,3,morning
1864,5/4/2025,1019,2031,404,0,1695.9,4,morning
1865,5/4/2025,1084,2003,403,0,0,5,evening
1866,5/4/2025,1100,2047,401,2,803.95,2,afternoon
1867,5/4/2025,1039,2003,401,3,1155.54,1,morning
1868,5/4/2025,1181,2084,404,3,1127.4,3,evening
1869,5/4/2025,1160,2034,401,2,326.81,4,afternoon
1870,5/4/2025,1011,2083,404,2,614.53,5,morning
1871,5/4/2025,1187,2093,402,1,680.35,2,evening
1872,5/4/2025,1012,2082,403,2,853.12,1,afternoon
1873,5/4/2025,1014,2095,401,3,0,3,morning
1874,5/4/2025,1023,2051,403,1,211.18,4,morning
1875,5/4/2025,1061,2098,404,0,2723.58,5,evening
1876,5/4/2025,1005,2026,402,3,211.56,2,afternoon
1877,5/4/2025,1199,2051,403,1,0,1,morning
1878,5/4/2025,1030,2038,404,3,3706.04,3,evening
1879,5/4/2025,1188,2039,402,2,1562.3,4,afternoon
1880,5/4/2025,1170,2012,403,1,560.87,5,morning
1881,5/4/2025,1125,2057,404,3,1310.94,2,evening
1882,5/4/2025,1068,2072,404,0,420.3,1,afternoon
1883,5/4/2025,1193,2054,403,1,0,3,morning
1884,5/4/2025,1111,2080,404,0,1664.52,4,morning
1885,5/4/2025,1010,2065,403,3,0,5,evening
1886,5/4/2025,1173,2028,402,3,2551.76,2,afternoon
1887,5/4/2025,1134,2080,401,2,1331.62,1,morning
1888,5/4/2025,1119,2055,401,3,269.7,3,evening
1889,5/4/2025,1076,2019,402,2,747.14,4,afternoon
1890,5/4/2025,1063,2066,404,2,0,5,morning
1891,5/4/2025,1145,2006,401,0,0,2,evening
1892,5/4/2025,1131,2013,404,3,4676.8,1,afternoon
1893,5/4/2025,1024,2059,403,2,0,3,morning
1894,5/4/2025,1065,2074,401,0,3297.5,4,morning
1895,5/4/2025,1029,2094,404,1,0,5,evening
1896,5/4/2025,1046,2050,401,0,560.34,2,afternoon
1897,5/4/2025,1106,2090,403,2,114.62,1,morning
1898,5/4/2025,1150,2092,404,3,482.21,3,evening
1899,5/4/2025,1159,2033,403,1,752.62,4,afternoon
1900,5/4/2025,1054,2023,401,2,751.63,5,morning
1901,5/4/2025,1172,2013,404,0,1870.72,2,evening
1902,5/4/2025,1001,2050,401,0,560.34,1,afternoon
1903,5/4/2025,1043,2083,404,3,2304.48,3,morning
1904,5/4/2025,1177,2051,404,2,281.57,4,morning
1905,5/4/2025,1158,2078,403,3,568.04,5,evening
1906,5/4/2025,1077,2011,402,1,368.77,2,afternoon
1907,5/4/2025,1003,2024,401,0,248.54,1,morning
1908,5/4/2025,1178,2024,401,1,223.69,3,evening
1909,5/4/2025,1123,2083,402,1,1382.69,4,afternoon
1910,5/4/2025,1111,2080,402,0,3329.04,5,morning
1911,5/4/2025,1077,2098,404,1,817.07,2,evening
1912,5/4/2025,1121,2054,401,0,0,1,afternoon
1913,5/4/2025,1042,2019,404,3,933.93,3,morning
1914,5/4/2025,1120,2002,404,1,1558.8,4,morning
1915,5/4/2025,1051,2037,404,0,0,5,evening
1916,5/4/2025,1085,2001,401,3,412.35,2,afternoon
1917,5/4/2025,1106,2063,403,0,0,1,morning
1918,5/4/2025,1124,2051,404,3,351.96,3,evening
1919,5/4/2025,1059,2091,401,0,1811.58,4,afternoon
1920,5/4/2025,1108,2073,403,0,1498.29,5,morning
1921,5/4/2025,1068,2082,404,3,0,2,evening
1922,5/4/2025,1029,2063,403,3,3314.76,1,afternoon
1923,5/4/2025,1178,2055,401,1,242.73,3,morning
1924,5/4/2025,1073,2092,402,3,482.21,4,morning
1925,5/4/2025,1088,2056,402,1,1888.99,5,evening
1926,5/4/2025,1150,2087,403,3,477.96,2,afternoon
1927,5/4/2025,1033,2037,404,3,1440.56,1,morning
1928,5/4/2025,1172,2083,403,3,2304.48,3,evening
1929,5/4/2025,1041,2079,402,2,2281.3,4,afternoon
1930,5/4/2025,1176,2095,401,3,1472.37,5,morning
1931,5/4/2025,1033,2022,402,1,1208.12,2,evening
1932,5/4/2025,1155,2062,401,3,1858.08,1,afternoon
1933,5/4/2025,1126,2038,402,1,1667.72,3,morning
1934,5/4/2025,1142,2006,401,2,0,4,morning
1935,5/4/2025,1066,2045,402,1,1123.7,5,evening
1936,5/4/2025,1128,2004,401,2,2967.2,2,afternoon
1937,5/4/2025,1110,2014,402,0,246.3,1,morning
1938,5/4/2025,1143,2028,404,2,1531.06,3,evening
1939,5/4/2025,1087,2045,401,2,0,4,afternoon
1940,5/4/2025,1038,2088,401,0,1418.7,5,morning
1941,5/4/2025,1112,2058,401,0,0,2,evening
1942,5/4/2025,1005,2078,401,0,426.03,1,afternoon
1943,5/4/2025,1129,2013,402,0,1870.72,3,morning
1944,5/4/2025,1052,2046,402,2,26.74,4,morning
1945,5/4/2025,1181,2056,404,0,0,5,evening
1946,5/4/2025,1039,2082,403,2,0,2,afternoon
1947,5/4/2025,1035,2015,402,3,3374.85,1,morning
1948,5/4/2025,1106,2098,401,1,1634.15,3,evening
1949,5/4/2025,1121,2043,403,1,1572.21,4,afternoon
1950,5/4/2025,1021,2034,403,3,544.68,5,morning
1951,5/4/2025,1092,2080,402,1,3745.17,2,evening
1952,5/4/2025,1192,2096,404,1,1814.89,1,afternoon
1953,5/4/2025,1035,2054,404,3,0,3,morning
1954,5/4/2025,1117,2066,403,0,0,4,morning
1955,5/4/2025,1113,2018,401,0,1084.52,5,evening
1956,5/4/2025,1021,2043,403,3,2620.35,2,afternoon
1957,5/4/2025,1197,2021,404,0,1670.82,1,morning
1958,5/4/2025,1100,2097,401,1,2273.67,3,evening
1959,5/4/2025,1147,2007,403,3,0,4,afternoon
1960,5/4/2025,1102,2087,403,2,0,5,morning
1961,5/4/2025,1088,2001,403,1,1113.34,2,evening
1962,5/4/2025,1179,2051,404,1,211.18,1,afternoon
1963,5/4/2025,1139,2079,404,2,2281.3,3,morning
1964,5/4/2025,1005,2083,404,1,691.34,4,morning
1965,5/4/2025,1077,2010,401,2,186.82,5,evening
1966,5/4/2025,1099,2092,402,2,1157.3,2,afternoon
1967,5/4/2025,1054,2011,403,2,327.79,1,morning
1968,5/4/2025,1193,2081,402,0,2238.66,3,evening
1969,5/4/2025,1007,2069,403,1,836.6,4,afternoon
1970,5/4/2025,1198,2038,404,0,1853.02,5,morning
1971,5/4/2025,1187,2007,403,2,466.71,2,evening
1972,5/4/2025,1160,2064,403,0,1176.16,1,afternoon
1973,5/4/2025,1012,2096,401,3,672.18,3,morning
1974,5/4/2025,1076,2073,401,3,499.43,4,morning
1975,5/4/2025,1086,2030,402,2,407.93,5,evening
1976,5/4/2025,1076,2036,402,3,217.98,2,afternoon
1977,5/4/2025,1133,2094,402,0,1973.4,1,morning
1978,5/4/2025,1083,2066,402,2,1238.54,3,evening
1979,5/4/2025,1116,2012,402,3,0,4,afternoon
1980,5/4/2025,1105,2010,401,0,155.68,5,morning
1981,5/4/2025,1108,2016,404,1,872.15,2,evening
1982,5/4/2025,1114,2009,403,3,198.93,1,afternoon
1983,5/4/2025,1150,2071,404,2,492.13,3,morning
1984,5/4/2025,1149,2063,404,3,2762.3,4,morning
1985,5/4/2025,1176,2062,404,1,557.42,5,evening
1986,5/4/2025,1036,2064,402,3,294.04,2,afternoon
1987,5/4/2025,1182,2058,402,0,0,1,morning
1988,5/4/2025,1177,2027,404,3,1034.44,3,evening
1989,5/4/2025,1008,2095,402,2,0,4,afternoon
1990,5/4/2025,1030,2077,404,0,1123.66,5,morning
1991,5/4/2025,1030,2047,403,0,334.98,2,evening
1992,5/4/2025,1133,2019,401,2,747.14,1,afternoon
1993,5/4/2025,1078,2047,403,2,535.97,3,morning
1994,5/4/2025,1124,2003,402,1,1386.65,4,morning
1995,5/4/2025,1005,2075,404,0,3122.56,5,evening
1996,5/4/2025,1078,2036,402,1,588.55,2,afternoon
1997,5/4/2025,1189,2062,401,0,2477.44,1,morning
1998,5/4/2025,1140,2044,401,0,207.58,3,evening
1999,5/4/2025,1106,2061,403,3,599.76,4,afternoon
2000,5/4/2025,1086,2048,404,1,321.87,5,morning
6,5/4/2025,1089,2028,401,0,1275.88,2,evening
